filename,platform,gameId,gameVersion,patch,mapId,gameLength_s,size_bytes,sha256,n_chunks,zstd_ok
EUN1-3984412916.rofl,EUN1,3984412916,16.15.800.8073,16.15,11,1823.9,15977231,d82cf17cd00834766d6efb8ac5d0eaaef74bf7487d36ad7b7d7532f8b14f8de9,94,True
EUN1-3984439103.rofl,EUN1,3984439103,16.15.800.8073,16.15,11,1778.7,14897283,46711ddc4516c15cd9337487c6b6444285459b178fdb227f93b24b693c871f67,92,True
EUN1-3985335214.rofl,EUN1,3985335214,16.15.801.3452,16.15,11,1527.4,13264109,01a5d5e1070d4d77cbaefb39226db384d6a62a7dde0592f2f2900428da13dbe7,79,True
EUN1-3985343850.rofl,EUN1,3985343850,16.15.801.3452,16.15,11,1746.8,14319258,c037f2793c5bc38134c710c8b3febcaf5e5b7ea815cd3594793018295fa653d9,91,True
EUN1-3987496574.rofl,EUN1,3987496574,16.15.802.4387,16.15,11,1642.9,13920725,e19c0bcdcc03bf41349f848b2eda24e31f1bd98ba25e4f19ca70965786ee18b6,85,True
EUN1-3987930373.rofl,EUN1,3987930373,16.15.802.4387,16.15,11,1935.5,15837978,5c64755a93fc1cd20a6972c651baa7a589352a1f12ccd22b72334d8f02882801,100,True
EUN1-3987936398.rofl,EUN1,3987936398,16.15.802.4387,16.15,11,1581.1,13256501,670dadb040fe90fa979f1f7a189c8df9e08cf40e15502d0cb7919102e2c86c94,82,True
EUN1-3988302818.rofl,EUN1,3988302818,16.15.802.4387,16.15,11,1509.0,13077656,98385d614ac959f2aa23510bf56fe3a4ff61e6a95af13b0ef1ba92d477634096,79,True
EUN1-3988309673.rofl,EUN1,3988309673,16.15.802.4387,16.15,11,1640.7,13935475,6f4c9a3184a8b3e19bcd678adc75206599fcfc550d3a666b3eec81fd59cee6ed,85,True
EUN1-3988315966.rofl,EUN1,3988315966,16.15.802.4387,16.15,11,2301.7,19507886,843c1fb0c9d87909517e5bc331b79f6516c73349b4611c3706a2a91906f21109,118,True
EUN1-3988325681.rofl,EUN1,3988325681,16.15.802.4387,16.15,11,1533.4,13342799,d6b0134f537d67fa27b587233bc16dcf668439b05023c662efbe911f8bb8dfd8,80,True
EUN1-3989172998.rofl,EUN1,3989172998,16.15.802.4387,16.15,11,1361.1,10930278,ba35f4c5b05a8516c128d175163b7c79ecc3dc1f0f3ae55a5e64079c6f491070,71,True
EUN1-3989180186.rofl,EUN1,3989180186,16.15.802.4387,16.15,11,1440.9,11108225,b6b500460d3926d23bbf3cac42bc8bec7c0cf2bfd1f78d5e7ac750f33c4dcfff,76,True
EUN1-3989182141.rofl,EUN1,3989182141,16.15.802.4387,16.15,11,2387.1,19533590,55b164e09c35ec3fa344407a1d199558dc42464ae553ebf4f3618c07c59a0fd5,122,True
EUN1-3989185494.rofl,EUN1,3989185494,16.15.802.4387,16.15,11,1600.8,12719908,d1f244cc996d8b06028605fe4095704fb209d59e51a434f1ea428b22f5f48826,83,True
EUN1-3989186120.rofl,EUN1,3989186120,16.15.802.4387,16.15,11,931.6,6829942,b115918d9784feb1486b656a978f11fc3fe7eeadae6cf57c93f5851f5fd1fdd0,50,True
EUN1-3989188476.rofl,EUN1,3989188476,16.15.802.4387,16.15,11,1276.4,9858639,2d24d0ca6566fdb2325382a165d526cf23eccd573ed75e0d4e1311dba874f7fa,67,True
EUN1-3989197436.rofl,EUN1,3989197436,16.15.802.4387,16.15,11,2071.2,18664536,0a3849abf54c7063b0a9229d681be9e36f8d934834fb8db933c19f7fa9e1f0c4,107,True
EUN1-3989209835.rofl,EUN1,3989209835,16.15.802.4387,16.15,11,1538.0,12666904,f8077e5b5268ea1f85f4e36eaf6e04f02eaa41842e15c80f195fe4f5d62e4f6a,80,True
EUN1-3989243673.rofl,EUN1,3989243673,16.15.802.4387,16.15,11,1348.0,10926108,7a6ceba0860e4c1df9512da559ee89214a9ad5cd3bdccec42a6151e2afe7903b,70,True
EUN1-3989254939.rofl,EUN1,3989254939,16.15.802.4387,16.15,11,1471.6,12339780,e66d567e85ab65a2fe7921a037327695068b9686210133ac684aa5a30b50a908,77,True
EUN1-3989264982.rofl,EUN1,3989264982,16.15.802.4387,16.15,11,1492.8,11680716,d9080e1b363a038102988b8a24e1db14853c7fc1140d2fc791b4e49deaf9af3e,77,True
EUN1-3989283117.rofl,EUN1,3989283117,16.15.802.4387,16.15,11,1962.7,17687943,6c0c4e5ffd328a717e6b30aa028fa45e9afb4b360ec4599d0f707e84eb7e11b5,101,True
EUN1-3989297296.rofl,EUN1,3989297296,16.15.802.4387,16.15,11,1594.7,14255251,1fadcdd08c5efdcd893fb2d61eca1c7347f45a366801e6a36cbc2ea6c8770b99,83,True
EUN1-3989306696.rofl,EUN1,3989306696,16.15.802.4387,16.15,11,1874.5,15492107,ccd38006867d41eef6a70b9b0d00911ab703e80f57c373228e03f4ff41427928,97,True
EUW1-7904883312.rofl,EUW1,7904883312,16.13.791.5903,16.13,11,1491.0,11644636,b015c9082956b1e1ec164f429b9edfe1e451b85649061b15fd7c0e24b9c12263,77,True
EUW1-7914917715.rofl,EUW1,7914917715,16.13.791.5903,16.13,11,1755.4,13603675,b68db885049c608b33230293ad922e7ae5dd17983a704f9f2c2d059c520b21bf,91,True
EUW1-7919073824.rofl,EUW1,7919073824,16.14.794.5912,16.14,11,1885.3,15997823,f23e3d775f1909b361d9ecd443f121ad84c9fa799c6ea7fa78dceb99aa870cc5,97,True
EUW1-7919226352.rofl,EUW1,7919226352,16.14.794.5912,16.14,11,1541.7,13456215,77b2b3592512fdca378464337a39f47f80f4634cbc7365423d375367a7985d33,80,True
EUW1-7919230070.rofl,EUW1,7919230070,16.14.794.5912,16.14,11,1537.4,12193635,3f88d114153aef9aa7ea979ec87f85112365823a8d0b21ca0388ede130965e00,80,True
EUW1-7919241483.rofl,EUW1,7919241483,16.14.794.5912,16.14,11,2076.3,17202922,9561add64ed5d5f2a7effb2d7663f617576c26480b74aee64058da5bf8585a69,107,True
EUW1-7919456495.rofl,EUW1,7919456495,16.14.794.5912,16.14,11,1670.9,13997213,9508f85c7b2a12f86eb3437aa25b423dade3995fe956576d55c7f9fb3b08ee1a,86,True
EUW1-7919489869.rofl,EUW1,7919489869,16.14.794.5912,16.14,11,2380.7,20851326,6138f22bedc686b015abc1be4220cb5ce0262c8486cf061738a8aa147aebe016,122,True
EUW1-7919507105.rofl,EUW1,7919507105,16.14.794.5912,16.14,11,1612.6,13927345,b5170ae794191468e3b57f0d9150bc1a280b1d2c6b25286345b3f2d24c55e7b4,83,True
EUW1-7919563375.rofl,EUW1,7919563375,16.14.794.5912,16.14,11,2462.5,21402329,410244939d921de620fd378d0459d52583a8de94000dad3a924c919d37ebe8eb,127,True
EUW1-7919622958.rofl,EUW1,7919622958,16.14.794.5912,16.14,11,2134.8,16488319,9d6bc2cbac0f60cbde80564d1f731314fec4014d27cd493ac4e0e42c077a3511,110,True
EUW1-7919623574.rofl,EUW1,7919623574,16.14.794.5912,16.14,11,2040.7,16469522,c34181791575ac4737568475483daa94672f3e492536f6e8ae8bf09a3257735d,106,True
EUW1-7919627195.rofl,EUW1,7919627195,16.14.794.5912,16.14,11,1723.6,13015369,7d63c459746a595e5a6e47e9e5a3efb4c9c58f55106df1855a331faed2a78f6d,89,True
EUW1-7919637806.rofl,EUW1,7919637806,16.14.794.5912,16.14,11,1974.3,15234051,53c808c4e409ee0e76024e2744065674b9c9bce7db1a51b013baa64ddca36ded,101,True
EUW1-7919695462.rofl,EUW1,7919695462,16.14.794.5912,16.14,11,951.2,6459580,fba9b603178ebd4d18b5b5a2fb89a80fb4a175233206b06aca06d5cd3ab4e11c,50,True
EUW1-7919708376.rofl,EUW1,7919708376,16.14.794.5912,16.14,11,1717.5,12833698,00904ae04e3e8ab4bbc2db9b5ecf6961eaec7109e66bac82e9644d77512bfb74,89,True
EUW1-7919736247.rofl,EUW1,7919736247,16.14.794.5912,16.14,11,1459.4,13046385,e33781b09f2a07a18f488338884b5bb40ac6eb00af5c4d51772076b632c08a76,76,True
EUW1-7919761473.rofl,EUW1,7919761473,16.14.794.5912,16.14,11,2449.4,20874047,b79b9f90496ee7b7bd8b1dbe3d45ef5d88aab9ec595cdbe2bf958ab8c6e574c4,125,True
EUW1-7919779615.rofl,EUW1,7919779615,16.14.794.5912,16.14,11,2344.5,17894199,e91f332b2db761413a07084185e01a2cdff2271ce8b893d41ca0adf52beee458,121,True
EUW1-7919819236.rofl,EUW1,7919819236,16.14.794.5912,16.14,11,1833.4,14129652,66ca4c4994f11f35eece64612e00b727d37f2cd4a63e060ed5c67edd4a755aff,95,True
EUW1-7919850960.rofl,EUW1,7919850960,16.14.794.5912,16.14,11,1469.3,11665706,6b143b957cfdc0250fa6b0558a4f754d54fe1f1715dbc3699b6239db40993bf3,76,True
EUW1-7919873936.rofl,EUW1,7919873936,16.14.794.5912,16.14,11,1682.4,15481224,9dc29b94abecb7c6e066439b5e890748e70c9da3d235c1b3cbc6125ee8dd6aaf,88,True
EUW1-7919886363.rofl,EUW1,7919886363,16.14.794.5912,16.14,11,1549.5,11398694,9097de71fdbfe20813b9d337a401e34c5432136acedbc98a5b518e4b24131908,80,True
EUW1-7919889904.rofl,EUW1,7919889904,16.14.794.5912,16.14,11,1664.8,13102896,eb0c13b1c1c29e2859a10979cbb5ef5c930ae3d5d6d376e237896840f46ba067,86,True
EUW1-7919954248.rofl,EUW1,7919954248,16.14.794.5912,16.14,11,2274.2,17332873,2db8b7cf4af61531e0f65895868b8e2b634261c622792c51915d74a50e76120f,116,True
EUW1-7919964324.rofl,EUW1,7919964324,16.14.794.5912,16.14,11,2466.7,23694514,e28906ea7b02b72e7d9d6e3a85e24521cbaaee1bef8a647e5182cfb8bae647a9,127,True
EUW1-7919983680.rofl,EUW1,7919983680,16.14.794.5912,16.14,11,1802.7,15008938,ac53a41b17b8199ab178e4443538e74c2c07ca795928bae88923637ad7568db2,94,True
EUW1-7919998243.rofl,EUW1,7919998243,16.14.794.5912,16.14,11,1663.5,13346987,82a9088ce30be347ea0ebcf440e27a30f933d85c5e57f0e4be9ffc6150012b9a,86,True
EUW1-7920036721.rofl,EUW1,7920036721,16.14.794.5912,16.14,11,2351.2,20225555,0dc4e5cffcf7562c9b71ae82adaacbf88fc5123a7b7354e692f6a5a6115ca2e0,121,True
EUW1-7920059228.rofl,EUW1,7920059228,16.14.794.5912,16.14,11,1953.9,14460860,0baf3e7526dd756ce01b613de775f83e08a8a98f6890d784d27df51647ce290a,101,True
EUW1-7920078479.rofl,EUW1,7920078479,16.14.794.5912,16.14,11,1663.0,12501768,2e7d9020bf34403e93bd60830b2adc72e00530663d93b8014cff8397c4f00860,86,True
EUW1-7920103339.rofl,EUW1,7920103339,16.14.794.5912,16.14,11,2087.0,17281585,1f93b3cae51cf4c41f1836f097bba22ea58141c92cbf61c36302b97e94bb7625,107,True
EUW1-7920114336.rofl,EUW1,7920114336,16.14.794.5912,16.14,11,2262.6,17032077,19815d0d55fc806a6da93f8d73d87c8dc3d74e531de16ee6ccf786c615f72c68,116,True
EUW1-7920136234.rofl,EUW1,7920136234,16.14.794.5912,16.14,11,1798.6,14643397,95ef233d52f81b61da322caa99876f05daf60ad600a7fef7bd968c75cb10f2ec,92,True
EUW1-7920149827.rofl,EUW1,7920149827,16.14.794.5912,16.14,11,1029.3,7942030,eb18f01caf263eccfbea44faae4ab7f49cbae70718f5d152da32601abddbf940,55,True
EUW1-7920168671.rofl,EUW1,7920168671,16.14.794.5912,16.14,11,1795.7,14775608,b7b1c8a9feee7549b73cd9599b52b92a36ef8b5807177c0662740dfd5f3fbb69,92,True
EUW1-7920171574.rofl,EUW1,7920171574,16.14.794.5912,16.14,11,1596.7,12799282,6aafee1904929c5caa453ae7d3bf11246edc56c14d02bd6adc70f72122424579,83,True
EUW1-7920191779.rofl,EUW1,7920191779,16.14.794.5912,16.14,11,1781.5,12927008,1428110e3cbdfc03de90472c8d3af7589921618d6f2d2aeb12394e01bde71fe5,92,True
EUW1-7920195844.rofl,EUW1,7920195844,16.14.794.5912,16.14,11,2401.0,19962999,20298c6236c4fd6f9b491b1b330f828be184340d658f99fb24c1f1325468e41e,124,True
EUW1-7920198720.rofl,EUW1,7920198720,16.14.794.5912,16.14,11,2241.2,17269081,b97738cb99cf3d45bc23bb2be115de480ad5263856f206b6e9de386f0e62075f,115,True
EUW1-7920230888.rofl,EUW1,7920230888,16.14.794.5912,16.14,11,924.3,6483650,ad931177b57cf60ae240667e616c1ed5e0f9f5059fb7f049392525c5c105fa99,49,True
EUW1-7920279839.rofl,EUW1,7920279839,16.14.794.5912,16.14,11,1633.9,13288612,340fca24d35024a66d2695b34dec9ba3b7bcaccac699ce8c8b5ca4c1361e8edf,85,True
EUW1-7920312264.rofl,EUW1,7920312264,16.14.794.5912,16.14,11,1169.9,9350523,cec0cf7420e64ce7e8098d71da4a13421ccc348a6a24e4622826d98d13638ceb,61,True
EUW1-7920469437.rofl,EUW1,7920469437,16.14.794.5912,16.14,11,1438.9,11695215,4f49ae1e9a19d281ead7d043d245246cb95281d8e94b6e58db547db90b46a4e6,74,True
EUW1-7920477935.rofl,EUW1,7920477935,16.14.794.5912,16.14,11,1380.6,11320478,654881bbbf01a65a47978bae631356f426b249861b51be8f010242c06e01e1a4,73,True
EUW1-7920510762.rofl,EUW1,7920510762,16.14.794.5912,16.14,11,1284.9,10686748,ac4bc3ac43a8caff11703a401d21f655f402144380b386ba254e406850fbe2c1,67,True
EUW1-7920522865.rofl,EUW1,7920522865,16.14.794.5912,16.14,11,2508.1,22922337,5bbe8a565d4c06bf1f766f5562cf253978d076094538e21c5cc66952173f82e2,128,True
EUW1-7920540952.rofl,EUW1,7920540952,16.14.794.5912,16.14,11,1861.5,15267406,d7f99e6f12006fcc48828938105f713dbd318b2d2fffa34ab52fe4cd55479458,97,True
EUW1-7920633388.rofl,EUW1,7920633388,16.14.794.5912,16.14,11,1953.6,16181456,585915a9f510f911b435e3be66068d4ff194b3f6218b5e7b99705254e7ca73a5,101,True
EUW1-7920634071.rofl,EUW1,7920634071,16.14.794.5912,16.14,11,1007.9,7565314,d80b96f47bbe42e3a1eb6c541a0e8f3aa6e6ee6d8b30d5277793f43454be75e9,53,True
EUW1-7920675879.rofl,EUW1,7920675879,16.14.794.5912,16.14,11,2126.4,16080173,3216f522cc656cf094bf09f02197a2032744051bfd9f47247e62aee1b70242b1,109,True
EUW1-7920681612.rofl,EUW1,7920681612,16.14.794.5912,16.14,11,1832.5,15186148,49c97ffdf60177b5be5f653f22ea4f851f0c3c2ec38788585933f7e6b933d5ea,95,True
EUW1-7920699461.rofl,EUW1,7920699461,16.14.794.5912,16.14,11,1443.2,11391312,f187334dbd8c9371ccec165b4ef16825cdb869f235fed7dde9054fda7a1554db,76,True
EUW1-7920700938.rofl,EUW1,7920700938,16.14.794.5912,16.14,11,822.8,5726128,16bb473e0a7f8ae15cb7269c1c61cd6d320e3a95c8ef6c69e25ac26e90e41291,44,True
EUW1-7920730578.rofl,EUW1,7920730578,16.14.794.5912,16.14,11,2267.3,19798363,9578e1310df8d70c86cf96aa09c80d778efaa909bac55ab9b676eb128e2bd15e,116,True
EUW1-7920765804.rofl,EUW1,7920765804,16.14.794.5912,16.14,11,1502.6,12452229,8e9ac69266d08b47204ea729517a17dbade1db39628da40bd8e11e48ec7edfae,79,True
EUW1-7920766559.rofl,EUW1,7920766559,16.14.794.5912,16.14,11,2053.4,18276072,ed0cc8692a14f1d83b60a553b5dfa9a6050066083677aa3dbb5b242191819eef,106,True
EUW1-7920778862.rofl,EUW1,7920778862,16.14.794.5912,16.14,11,1662.9,13759998,032f6c27592f480d5dc53e506676a162458dcd3df4aae7c6920b9ecb2189f61d,86,True
EUW1-7920800485.rofl,EUW1,7920800485,16.14.794.5912,16.14,11,1695.2,13782945,acdd65216c66782677e5a010739209ea0c70a6542f7a4fd459622a3256537d04,88,True
EUW1-7920805657.rofl,EUW1,7920805657,16.14.794.5912,16.14,11,2575.1,20155284,beacd66eff0aecdcd4292943a02ae113c1efc39c704ea481b31b2174e061507d,131,True
EUW1-7920841847.rofl,EUW1,7920841847,16.14.794.5912,16.14,11,2414.3,19479023,9bbde3ce1d7e0d09ac8cbc073823bd943b079ad2ee805cd3125a2e2b731f2222,124,True
EUW1-7920869698.rofl,EUW1,7920869698,16.14.794.5912,16.14,11,1715.7,14420459,d214d8a2aa531dbfc00dd9bcaeb9e9ec41032437912deda348ee3b76e492e13b,89,True
EUW1-7920907840.rofl,EUW1,7920907840,16.14.794.5912,16.14,11,1120.9,8431982,315720b9ae033d3d65790f90d73d1264880f16d6fd3e7392cc25fc1addecacd1,59,True
EUW1-7920915620.rofl,EUW1,7920915620,16.14.794.5912,16.14,11,1576.5,13987898,3506584081cd4930ec4d4f1c5ed180f762fea1f2f0b6d8d3c0d9095f86cf1a44,82,True
EUW1-7921075225.rofl,EUW1,7921075225,16.14.794.5912,16.14,11,1136.3,9456333,5b0b19bcac70fe3a8aaa0db392bd35047f00fe07b83ce958d8d412b4aa92b19e,59,True
EUW1-7921076590.rofl,EUW1,7921076590,16.14.794.5912,16.14,11,2052.6,16031817,cec4a251b93ddfdaed46a4c4f7434e5e659db7f129ee9cf8281c481c7ce05513,106,True
EUW1-7921090870.rofl,EUW1,7921090870,16.14.794.5912,16.14,11,1513.9,13407311,480faa021f17f651d5485c919145b53b9cc8389bcdf422b54279fbdefa588c15,79,True
EUW1-7921104906.rofl,EUW1,7921104906,16.14.794.5912,16.14,11,1184.9,9458943,7ef1addb3cc7687e509d0ddc7f41617e1711a60b3247dcac35fc17d305cee8a1,62,True
EUW1-7921125061.rofl,EUW1,7921125061,16.14.794.5912,16.14,11,843.3,6600047,a4b8591f908dee8ce636da1e1edaedd7c605af1c6303acdcbd6ef924c18218f1,46,True
EUW1-7921132989.rofl,EUW1,7921132989,16.14.794.5912,16.14,11,1240.8,11847706,69f3783795d4b0c263a535caeb8cfbb368db6a32be47a094f6a99835b13f622c,65,True
EUW1-7921156725.rofl,EUW1,7921156725,16.14.794.5912,16.14,11,2236.2,19355821,166e86072464c9716fa83c9f40612adcba95ae27f0546f6402e502444ef955b8,115,True
EUW1-7921203293.rofl,EUW1,7921203293,16.14.794.5912,16.14,11,1255.1,10512713,9a1cecc38b7e4e5f757906029513fb99814787753d258ad16172b67a10097810,65,True
EUW1-7921221204.rofl,EUW1,7921221204,16.14.794.5912,16.14,11,1769.1,14654701,817b898f9d8b24ec6212c1e2f38384f14e3a13394e2533a1a21bd15c44edeae8,91,True
EUW1-7921254379.rofl,EUW1,7921254379,16.14.794.5912,16.14,11,2499.5,21227305,34860c2e36576090522da93cbfa6675a15975462ce18815a745fbc3c73eb9777,128,True
EUW1-7921279334.rofl,EUW1,7921279334,16.14.794.5912,16.14,11,1577.9,13156672,2b78f68b7edd26c489aa1e565170658bb3a723858070808b704f830fc4961b76,82,True
EUW1-7921291857.rofl,EUW1,7921291857,16.14.794.5912,16.14,11,1118.0,9032467,735871deff106207c26f47cd5bc562dc9df69450d6470eb2ac1a4f40807e7652,59,True
EUW1-7921303627.rofl,EUW1,7921303627,16.14.794.5912,16.14,11,1632.5,14032402,99e8d43cab863aaa0972d8cf79f10e473ba995f0322f4783c09d508ca54c2a86,85,True
EUW1-7921304080.rofl,EUW1,7921304080,16.14.794.5912,16.14,11,1951.4,15405910,69d73cf7200d64980a4efa01d09dd9466a07a7f516a37ed606f5834cdefa2006,101,True
EUW1-7921318873.rofl,EUW1,7921318873,16.14.794.5912,16.14,11,809.7,6354959,ea79d778a937dac881db0519f05dbc0ad5d2822576f76872fb6d605f86581a46,43,True
EUW1-7921324289.rofl,EUW1,7921324289,16.14.794.5912,16.14,11,472.4,3557780,f9e12e9515135c0e65137aeb19ef4c69716ec35d6c10187b4fded6a822eefbb3,26,True
EUW1-7921343195.rofl,EUW1,7921343195,16.14.794.5912,16.14,11,1098.1,8375149,df8dacc8adb42bf94e54583a6f0ca9fcaf6e86ffc415e877fe55c12c5fd97af5,58,True
EUW1-7921354896.rofl,EUW1,7921354896,16.14.794.5912,16.14,11,2035.8,16266664,093c31cbf88d2e187f903d9f012ccaed98dbc7c9eb2730c620742c2d455bcf56,104,True
EUW1-7921434902.rofl,EUW1,7921434902,16.14.794.5912,16.14,11,1723.9,14482560,67ad55d1218bb8172a71fee929dfff0163b7eeb985964e0a6ce9ca3ee503c8f8,89,True
EUW1-7921562708.rofl,EUW1,7921562708,16.14.794.5912,16.14,11,1408.3,11330879,7211a0e07018f3e5b1231ab5115816b403c7e8ad424d0569c2db7fa14eae37b4,73,True
EUW1-7921591416.rofl,EUW1,7921591416,16.14.794.5912,16.14,11,1857.9,15421133,2309665e222bd5a176039cd1c8636d020aa61f15567c1b5921ec4514da5fb227,95,True
EUW1-7921614811.rofl,EUW1,7921614811,16.14.794.5912,16.14,11,1762.7,13896274,5aeb7663a648ab9ef69ebde3c88c7f95ae24c934a5843f059fdd3c4fbee7892e,91,True
EUW1-7921654076.rofl,EUW1,7921654076,16.14.794.5912,16.14,11,2202.4,18195710,af5b4b182569592fdbf4c6ea3e074a3fe470f4cf5df931bfbab6978ed8c962b2,113,True
EUW1-7921659229.rofl,EUW1,7921659229,16.14.794.5912,16.14,11,1333.0,12763543,8f8f0d5a3ea52a8407abacc2b0e2cdc0e60ceb444b3e10fe21c084db7bac3560,70,True
EUW1-7921671115.rofl,EUW1,7921671115,16.14.794.5912,16.14,11,1958.4,15811686,a5ed722ad885917c81dc685d48b8ab8847e67637497de48adcb720efedda6f5b,101,True
EUW1-7921689293.rofl,EUW1,7921689293,16.14.794.5912,16.14,11,1312.6,10560874,05a481d6f99ae3e8b11b8fb587e31e2c1b79362c5a9418b4133e09be27e19815,68,True
EUW1-7921701890.rofl,EUW1,7921701890,16.14.794.5912,16.14,11,921.9,6563913,45b4df10cc694ff23cc27f7944d63f106ca617121dd6b001d54bfe6e2455e5ca,49,True
EUW1-7921722344.rofl,EUW1,7921722344,16.14.794.5912,16.14,11,1809.2,14615654,d6560e5afdf78da20ba575c5a7482aca92be26676326f3498cd0f53bbc840285,94,True
EUW1-7921725819.rofl,EUW1,7921725819,16.14.794.5912,16.14,11,1460.9,11634597,ba03d456390d44aea13741b517c7a7c3fcb8209fdd964a27bad914b511968ad9,76,True
EUW1-7921725923.rofl,EUW1,7921725923,16.14.794.5912,16.14,11,1519.9,12226116,5b5e0a13fde979194bebde08d67050918a9ee1801c730328487cd5a7bd312204,79,True
EUW1-7921753819.rofl,EUW1,7921753819,16.14.794.5912,16.14,11,859.3,7099575,cd9efa5c7897046b5c9ef7ca084df3cc3c68ea7ff1db30d905064d370f7da277,46,True
EUW1-7921760372.rofl,EUW1,7921760372,16.14.794.5912,16.14,11,1638.2,12455072,3deb79fde2fbafeaf553938e3c19827d6cfd9a98e172993e7a54cf2536a83d74,85,True
EUW1-7921760926.rofl,EUW1,7921760926,16.14.794.5912,16.14,11,788.9,6226700,705a7ef8cf343c22193f76f9b0f7e6e899bc7bed251dd97984407f2f6eb0b0ef,43,True
EUW1-7921775774.rofl,EUW1,7921775774,16.14.794.5912,16.14,11,1185.7,9139651,065f1c539e97c0e2a261fecd7b0ce2d3c6f81526a4c43f028c662f969fa54b40,62,True
EUW1-7921778993.rofl,EUW1,7921778993,16.14.794.5912,16.14,11,1082.2,8070606,7ad60bf8305e585a7c6f15f59bd8e8508e06f53d95da5e9328f2dbf731942f2e,58,True
EUW1-7921807482.rofl,EUW1,7921807482,16.14.794.5912,16.14,11,2147.0,17433199,70e11c9c492368263b1eabe001ec29786eb849fcde5047990437812df68418a7,110,True
EUW1-7921820191.rofl,EUW1,7921820191,16.14.794.5912,16.14,11,1126.4,8566666,77d360b8e224de3918d6797d80b30e2c5cd180037f02a06ec84ec7f3b018b32f,59,True
EUW1-7921843978.rofl,EUW1,7921843978,16.14.794.5912,16.14,11,1090.6,8447976,8a0f77667e2e2469ecfe285aef536ef14f2d4ecb1b3e6d6d602e1852bc2affa7,58,True
EUW1-7921867486.rofl,EUW1,7921867486,16.14.794.5912,16.14,11,1179.5,8878355,e0a61454f130748071a46fcc9465a775c571705eebd19875d549891d629fcf3e,62,True
EUW1-7921918518.rofl,EUW1,7921918518,16.14.794.5912,16.14,11,1032.0,8348764,7073db00e4147e6e4abbb8db76f4458e974989d2ef3a561c8b4691e340e3ef83,55,True
EUW1-7921922870.rofl,EUW1,7921922870,16.14.794.5912,16.14,11,1525.2,11746748,43874d4b1ee45875915830a5fd8265debfb6832c60ce38f4dc02cb5a7d43328a,79,True
EUW1-7922083072.rofl,EUW1,7922083072,16.14.794.5912,16.14,11,1588.7,13083567,2341978fa864d2094b33b368e497ccd6ade043844d2489694e678e4028b7d081,82,True
EUW1-7922113939.rofl,EUW1,7922113939,16.14.794.5912,16.14,11,1253.5,10239204,6a5224cb4b515acde579eb1ea1302c0e709fe2b286de8138845bf67ad9a536c7,65,True
EUW1-7922126106.rofl,EUW1,7922126106,16.14.794.5912,16.14,11,2339.0,18316919,e8c7af5a19cccf72bd363d41bed4a8af16e498de21c9b0497996cc8428a0453a,119,True
EUW1-7922126496.rofl,EUW1,7922126496,16.14.794.5912,16.14,11,1568.9,11838798,a2131879f4318c6714b92e66337ff1fe679ca15df3c9f95e799aa7669ad3f810,82,True
EUW1-7922147041.rofl,EUW1,7922147041,16.14.794.5912,16.14,11,2035.9,16728860,213f2695f1069ed10f431dfcaa8c3ece75d040f48304090bfcdf50955ed1664b,104,True
EUW1-7922153782.rofl,EUW1,7922153782,16.14.794.5912,16.14,11,965.3,7373439,759ba70ba50003ffda542e561b57f22aa004c30b65c3f72b31005b5e0d5e4bdc,52,True
EUW1-7922165974.rofl,EUW1,7922165974,16.14.794.5912,16.14,11,969.7,7886336,1042f9bb4f09aa1cd059bce5a0627e6a41de94224df00b72b788ab126e554b40,52,True
EUW1-7922175695.rofl,EUW1,7922175695,16.14.794.5912,16.14,11,1968.0,16202154,bd9d1b475c52e025e922178ccb2f8453ac2489580b56ec9efc66d70b6e4f4ae0,101,True
EUW1-7922185868.rofl,EUW1,7922185868,16.14.794.5912,16.14,11,1931.3,15332516,ac6daa66061a6f89c2ec8bd5869e726e6d5213c694de5fca44d74eb4e5ba4606,100,True
EUW1-7922219098.rofl,EUW1,7922219098,16.14.794.5912,16.14,11,1477.0,11660720,177aff176b4cacd813c7deb58785bbdf098b5417c31ac5f899743cd6fb8d746a,77,True
EUW1-7922253930.rofl,EUW1,7922253930,16.14.794.5912,16.14,11,1427.7,12018442,b24473987774a45f30026e746085531659d3afbbf3f096201c90dbdf949917b5,74,True
EUW1-7922282945.rofl,EUW1,7922282945,16.14.794.5912,16.14,11,1621.5,12667328,713c9d3fcd655db9d7962c4b4778ea858e0f1a6011717c9664135daa2163ea3e,85,True
EUW1-7922316911.rofl,EUW1,7922316911,16.14.794.5912,16.14,11,1765.7,14968192,7c350e2d5f616855cb4381bbc33edb9b51fa8649d96b1849410d0f97af3e2b09,91,True
EUW1-7922405346.rofl,EUW1,7922405346,16.14.794.5912,16.14,11,1092.5,8872068,0557d60888630c90c806efcf9ce62f4178c7fb5828808539d7295a63b92b7d9b,58,True
EUW1-7922440242.rofl,EUW1,7922440242,16.14.794.5912,16.14,11,1372.5,11127856,af1c5e1484114a9fdcd4f32afb8a3f7aadba5fa745a5cddf83be691090032b69,71,True
EUW1-7922465288.rofl,EUW1,7922465288,16.14.794.5912,16.14,11,832.4,6993756,8bbaf718cfa18b254d8a2356f39ece0758ec42e53755ec373f91c0033b2f1ca1,44,True
EUW1-7922485173.rofl,EUW1,7922485173,16.14.794.5912,16.14,11,1480.1,12350631,17c01c61d8b798ba150314acf0b01d578ba4b36ba713cbee66c1154190472ab4,77,True
EUW1-7922518586.rofl,EUW1,7922518586,16.14.794.5912,16.14,11,1066.3,8779396,6be8377197d7e474f3414cafdec4733c0a8b26fe65d329952808abb069fa6c27,56,True
EUW1-7922546010.rofl,EUW1,7922546010,16.14.794.5912,16.14,11,1969.6,16856639,71ed5bcdb713476a1dd8c4af01dc4cda3146aa005867a483d35a25a759cc8437,101,True
EUW1-7922588227.rofl,EUW1,7922588227,16.14.794.5912,16.14,11,2383.1,20413660,3eb629365ebf5ddc79dbaa2c046cad05b5030ebc8df57d45972e6eb23e14e5a5,122,True
EUW1-7922635847.rofl,EUW1,7922635847,16.14.794.5912,16.14,11,765.6,6370625,618068362d06e439d822d16ed84ab5be9d672a8349af97aa87a286aeff1a8cc5,41,True
EUW1-7922651073.rofl,EUW1,7922651073,16.14.794.5912,16.14,11,1616.3,12129647,e299b77eb8055f41e7017045c655fa124398cbffb3684cbdab0e98428892bbca,83,True
EUW1-7922783445.rofl,EUW1,7922783445,16.14.794.5912,16.14,11,1816.8,13672545,002f11971dbc609cd8e6a3cd2bdb91fae650e9267f2ba42a58a79e553b164bd0,94,True
EUW1-7922834250.rofl,EUW1,7922834250,16.14.794.5912,16.14,11,2235.3,18255176,fac4eaec9db9ea4290d49b906e2f0d371abbf51d4898d20598b619499580aef7,115,True
EUW1-7922885321.rofl,EUW1,7922885321,16.14.794.5912,16.14,11,1157.8,9185272,02a6fa865be6a19315b924c908c468dbae93a0e6675396ee3bbb6c3049fd2269,61,True
EUW1-7922912545.rofl,EUW1,7922912545,16.14.794.5912,16.14,11,1544.2,11959006,c50170c86e6156c26f23f4a6db0ef0a18d0741cf5fd0fd415e20d0aac0a0dd37,80,True
EUW1-7922938930.rofl,EUW1,7922938930,16.14.794.5912,16.14,11,1398.6,11382079,14a55097ff672e212a05e05efaf18dbc37003ca84f284e53530ad5fffb518fa4,73,True
EUW1-7923052589.rofl,EUW1,7923052589,16.14.794.5912,16.14,11,1008.6,7247256,d91f838ddc7fbbcaba1ebb8ebbe19638d6f2d994bc15136365509cad73004a56,53,True
EUW1-7923250949.rofl,EUW1,7923250949,16.14.794.5912,16.14,11,765.7,6510661,80e2fcffe18d9cc44706ace60da4758a7d9cef0af659327cf72ef574bec78fac,271,True
EUW1-7923331442.rofl,EUW1,7923331442,16.14.794.5912,16.14,11,1414.1,11380663,09fadddde72d8875e269d7dc68421d0c138e4505661d1c719e74000507479ae4,74,True
EUW1-7923336008.rofl,EUW1,7923336008,16.14.794.5912,16.14,11,2577.0,21022370,b02791ce6db06b84d0ae291be46682e257e17bf199916a4de10307e01d7c89d5,131,True
EUW1-7923363972.rofl,EUW1,7923363972,16.14.794.5912,16.14,11,868.2,6393998,ad58a3144507e63ae119fab5edbaf67811bdee0d3292fc59e3591b1ac238240a,46,True
EUW1-7923390682.rofl,EUW1,7923390682,16.14.794.5912,16.14,11,1643.2,13942251,185411ecf87111a156444dfe14060d131df436e83953a36e076cc5e8a37c75d0,85,True
EUW1-7923397976.rofl,EUW1,7923397976,16.14.794.5912,16.14,11,1537.8,11571134,f3c2df77cef5ec346fc188a2644dc44a15e85d4f0b1c2debdecd46add61321e9,80,True
EUW1-7923421039.rofl,EUW1,7923421039,16.14.794.5912,16.14,11,1301.1,11192829,fde68758e01f784ac8b9987130c3d23ba29bdfd677469f7bbfe9ec298449dfbb,68,True
EUW1-7923478596.rofl,EUW1,7923478596,16.14.794.5912,16.14,11,1204.4,9909092,64fd26902b711874c72bec6e5b186483715ab0121604d5bfadda757615079ce7,64,True
EUW1-7923517061.rofl,EUW1,7923517061,16.14.794.5912,16.14,11,1104.6,9873187,21438b99635a21bb697ed2c2b0e136721e916738ff21f0bc797a4b19bd641ddc,58,True
EUW1-7923602527.rofl,EUW1,7923602527,16.14.794.5912,16.14,11,1649.8,14032204,1a55c7b1241462f3570e69ef71d4d4c4aa1453e507481cb4b7d72bbbc9ab9c18,85,True
EUW1-7923643720.rofl,EUW1,7923643720,16.14.794.5912,16.14,11,1138.0,8446663,890222117ebceef7c3f1fca0f391c21ed3586232c70cbe2529053525f76d32b6,59,True
EUW1-7923722163.rofl,EUW1,7923722163,16.14.794.5912,16.14,11,1768.0,14438628,c76bdaef5272732379bcabd0a48f8702c2d93a2d83cbc89c98df86c8abd894ab,91,True
EUW1-7923755087.rofl,EUW1,7923755087,16.14.794.5912,16.14,11,1706.8,14635423,1808380b3db9839882d7d898f95cb6a70fdd530bef7e810fee618526f81d078a,88,True
EUW1-7923770725.rofl,EUW1,7923770725,16.14.794.5912,16.14,11,2128.3,17732461,f5dc022f5e41d6dbbca5d6a550fe7e3c0b609849aad6c71b1ca567eb3c1d44c3,109,True
EUW1-7923793163.rofl,EUW1,7923793163,16.14.794.5912,16.14,11,1660.0,13683507,2370e92d491fd578ed8081f8b465e67f382f8362393ac6c4a288dfbf399d1ff3,86,True
EUW1-7923864077.rofl,EUW1,7923864077,16.14.794.5912,16.14,11,2335.0,18021152,7e8b605d8307567734178ba2dd39b8bf298ab33139313f8ffd2ede7b31e8f29a,119,True
EUW1-7923876374.rofl,EUW1,7923876374,16.14.794.5912,16.14,11,1855.0,15895137,3c2135c8c295621db2e35aaa339e7fbdd1cf9a30f01756e3619d1cc3a806503a,95,True
EUW1-7923903810.rofl,EUW1,7923903810,16.14.794.5912,16.14,11,1690.8,12975663,d3dfb3d41315307efc92ff4683e723fef63187eb385e41fd11b5d4f38cf2cdc4,88,True
EUW1-7923907356.rofl,EUW1,7923907356,16.14.794.5912,16.14,11,912.2,7315629,eccc71c381d4af9e7cd281e5c49029d973ebc2fffe1f92fe90806d004e12d3ca,49,True
EUW1-7923924885.rofl,EUW1,7923924885,16.14.794.5912,16.14,11,1606.0,11829960,2de174df129a09160236d0a32443d6fefa3fefeb183fc007ea925938fff82120,83,True
EUW1-7923926773.rofl,EUW1,7923926773,16.14.794.5912,16.14,11,1738.4,14156062,c9fb824e739fca387d09afb931e5cd9c9243177ec6e098e267bbe7f86370425b,89,True
EUW1-7923938466.rofl,EUW1,7923938466,16.14.794.5912,16.14,11,1366.5,12280311,3f38bb2c30316410b3e8c117c5b5e9516c895f1f3f1f47bfa4b94c84a7b5ea0c,71,True
EUW1-7923945079.rofl,EUW1,7923945079,16.14.794.5912,16.14,11,1356.9,10251942,4b404b20502ca75d34d7b97d23b23c077e933a2f0cef6d12c51776e227ecc1db,71,True
EUW1-7923963857.rofl,EUW1,7923963857,16.14.794.5912,16.14,11,2307.8,18642512,5e67cb7a943bc46ea90eb324d140f3c24d048776e561dcfca6188db7ac2747c0,118,True
EUW1-7924021291.rofl,EUW1,7924021291,16.14.794.5912,16.14,11,2113.2,16799878,7797859b0c8e5720567a76289c4f9c7e63b16333202129e76581fe7f628a0748,109,True
EUW1-7924042790.rofl,EUW1,7924042790,16.14.794.5912,16.14,11,2109.6,16456945,870885af085cda085c4279bf054ca6fe07b3fda0e23fdda4a9f1b1287813cf44,109,True
EUW1-7924049970.rofl,EUW1,7924049970,16.14.794.5912,16.14,11,1695.4,13790227,4d5072669b7df470853b7800afb49ee3ebb1dbbcc08dd47746d126c03a7e7dd5,88,True
EUW1-7924070342.rofl,EUW1,7924070342,16.14.794.5912,16.14,11,1696.0,12703119,344842905e455812d0a5cbfcb6a475d6926f15e193194aac0ef42b00aca8a3cc,88,True
EUW1-7924154855.rofl,EUW1,7924154855,16.14.794.5912,16.14,11,1175.5,9273521,e39fd98f940e71ebe796c133f2ddf4d7aa10071feac71f046af48a20721c874d,62,True
EUW1-7924166070.rofl,EUW1,7924166070,16.14.794.5912,16.14,11,1146.8,8912393,d0a5f159543326518b3172a983eaf3e73166d955628c5186e2ab51437e0d73e7,61,True
EUW1-7924192820.rofl,EUW1,7924192820,16.14.794.5912,16.14,11,1142.5,8915944,054b4efddbb31e50dfed37563ef022080ab4a47aab013134a6fa9bcfd6e3ecf7,61,True
EUW1-7924201643.rofl,EUW1,7924201643,16.14.794.5912,16.14,11,1246.1,9171645,f6d235c4d2906042c5319cba8486812799c448955c11a8a578342cc6f78a686c,65,True
EUW1-7924216022.rofl,EUW1,7924216022,16.14.794.5912,16.14,11,1221.3,10043681,672001b84a39328c25259d34424204f4d0ef628fc170211fd3c81b44f54e876e,64,True
EUW1-7924240767.rofl,EUW1,7924240767,16.14.794.5912,16.14,11,1341.8,11342439,2f7d38e65439aa516f87cb933737e30ebd7572db38c337df4c3b7e645b47ecf7,70,True
EUW1-7924259358.rofl,EUW1,7924259358,16.14.794.5912,16.14,11,1253.2,9941958,1e13c2583f527cbed5d08fe196fe0a606b63f45f5b86d321875a05394c4a5d93,65,True
EUW1-7924290536.rofl,EUW1,7924290536,16.14.794.5912,16.14,11,2226.0,18180872,c04f10c2b9aa0984697c1d41b01fdc254028fbd0f826d06fc2a27656715e2658,115,True
EUW1-7924290869.rofl,EUW1,7924290869,16.14.794.5912,16.14,11,1586.9,13245508,be4632695b3705c8c48b75f97810178ae2d742258c866135c82b43c874f46185,82,True
EUW1-7924297277.rofl,EUW1,7924297277,16.14.794.5912,16.14,11,1169.2,9137724,0cacfd39f9a82ad5a10095cbbe266f051607ec69d755b2d551a1804f3f603613,412,True
EUW1-7924320071.rofl,EUW1,7924320071,16.14.794.5912,16.14,11,870.1,7115823,371113fba6dff131630e6ce801521ca33ec0bc78fce54ecd7e4bdeb05c819278,307,True
EUW1-7924411183.rofl,EUW1,7924411183,16.14.794.5912,16.14,11,1040.6,8382418,1d0b5d8860547888e793afad1c058c06e8a769b4e129006b15b56508decf7293,55,True
EUW1-7924443516.rofl,EUW1,7924443516,16.14.794.5912,16.14,11,1072.7,7758304,f90e19c8c02022ae641c600a1e42ef5ec18cb9b9d92af4e10e9d9cb4604b52d5,56,True
EUW1-7924469485.rofl,EUW1,7924469485,16.14.794.5912,16.14,11,1353.7,10302424,a92a6d0c85944a9e2262118af5524ca4ef03007cfd89dd89620efa8a233f2e18,71,True
EUW1-7924477260.rofl,EUW1,7924477260,16.14.794.5912,16.14,11,2496.6,20643947,55e46221b41be253e8619a3cb5078ceb6e69cbe0e4115cde6f56f5b3ec904c57,128,True
EUW1-7924554128.rofl,EUW1,7924554128,16.14.794.5912,16.14,11,1012.7,8121080,cb90f92e24b5ce592109084fb648130d739e7116b2365caf096313d48e8ee4b3,53,True
EUW1-7924584298.rofl,EUW1,7924584298,16.14.794.5912,16.14,11,1507.6,11899656,653034cd5d7ecb184a415caedd8935acaf4b045e0149d25bb7891bd58c8fce6a,79,True
EUW1-7924585205.rofl,EUW1,7924585205,16.14.794.5912,16.14,11,1401.7,10114765,cd8bd4a153b4b143507c3844663647404118ffc1a8ffdb97cee527619b777b36,73,True
EUW1-7924636834.rofl,EUW1,7924636834,16.14.794.5912,16.14,11,2095.8,17608522,74b9819bb262649457885ea2f968cffc7f67775829c94e67a5f1998485639a7d,107,True
EUW1-7924678549.rofl,EUW1,7924678549,16.14.794.5912,16.14,11,2079.7,16877598,ffa296ad700b00b1201df773e5dd413f736ecc97ac62c959b14f95288fa9e5e1,107,True
EUW1-7924734751.rofl,EUW1,7924734751,16.14.794.5912,16.14,11,1100.7,7965174,182f612d08d235872eb02871b9288d1fa0639efd18e075636119f402d3aae719,58,True
EUW1-7924768585.rofl,EUW1,7924768585,16.14.794.5912,16.14,11,1589.9,11974183,20c2587480fd6d3be0924da66597b99208fa88f223a3dfda7bd2023d803a09cd,82,True
EUW1-7924797345.rofl,EUW1,7924797345,16.14.794.5912,16.14,11,1714.8,14829915,504283bd82a6331378846ac8b1f237bcc7f6b6f28b3f91ce35f34fad225cdaec,89,True
EUW1-7924849628.rofl,EUW1,7924849628,16.14.794.5912,16.14,11,1154.3,9066182,8b139968c86e1324cb19fd2e1c88b2cc05c6971f5215069ccb2a47db53114817,61,True
EUW1-7924873777.rofl,EUW1,7924873777,16.14.794.5912,16.14,11,2655.0,21615169,40fcb81bf61bdf613f4eff44b2a36f5881e4f025e676d6d33e16c2e0b4ceb194,136,True
EUW1-7924876908.rofl,EUW1,7924876908,16.14.794.5912,16.14,11,1160.8,9460262,43d8dbc02c7c6012c31cb19d89c7b5650a4b7872829d4f12d1faa593d3597584,61,True
EUW1-7924879326.rofl,EUW1,7924879326,16.14.794.5912,16.14,11,2182.9,17230229,8fc340a91fcad4266b1a98cb8730051f728ab42db8e591356a12b3fb3bb6da2e,112,True
EUW1-7924906497.rofl,EUW1,7924906497,16.14.794.5912,16.14,11,1056.0,8798286,568a71f445d7dc397af99f2c1af6370f557e2684036523946978992a4c9e9c81,56,True
EUW1-7924913172.rofl,EUW1,7924913172,16.14.794.5912,16.14,11,2107.5,18262410,6c0da02be942de00600fd40053e2f217e7d28fac452b1eab1d1b97269f85694a,109,True
EUW1-7924923935.rofl,EUW1,7924923935,16.14.794.5912,16.14,11,1595.5,12574575,4064c9ee7e2f740b26dbd612306329324f80897122849800491523b9456dd315,83,True
EUW1-7924941095.rofl,EUW1,7924941095,16.14.794.5912,16.14,11,869.9,6231397,481593da86caf9e90785ac01edebcc379e3c57b840e1a220ee6a424b2c79e0ef,46,True
EUW1-7924952780.rofl,EUW1,7924952780,16.14.794.5912,16.14,11,2084.0,15451880,1568239da09fc75a46885f642a987272fba97c044dbeca84a8f4352cccff08fa,107,True
EUW1-7924969057.rofl,EUW1,7924969057,16.14.794.5912,16.14,11,1928.1,16213100,2151b886fce686b163210724b0e0d786a8a1aa80c575524c4c8fdd587cca7ff9,100,True
EUW1-7924979307.rofl,EUW1,7924979307,16.14.794.5912,16.14,11,2055.0,16311498,581bfcede2e1782c4c212c1befda356accf1d15be604de1c58ea692ae4dc9c3b,106,True
EUW1-7925080845.rofl,EUW1,7925080845,16.14.794.5912,16.14,11,1385.5,11526336,519bbbbe4b3667636053b392e46fa8e47a7ef0de6be0f6972284f52a3b6b880e,73,True
EUW1-7925092859.rofl,EUW1,7925092859,16.14.794.5912,16.14,11,796.5,6559587,a645603994ebc4a5bb727165c3f4f3eb56465a8318cbd86e4a0a4a8201cbcf08,43,True
EUW1-7925097322.rofl,EUW1,7925097322,16.14.794.5912,16.14,11,1642.7,14054276,66cbb9644fe8f007f6f6d6f55906e7963dfe61c938efdb374d1cc302771750b8,85,True
EUW1-7925123365.rofl,EUW1,7925123365,16.14.794.5912,16.14,11,1373.4,10759658,31329adbcfd4478fd05f1dbad837385e95661b9dc82eefd15330cae6c905f92f,71,True
EUW1-7925141328.rofl,EUW1,7925141328,16.14.794.5912,16.14,11,2206.5,18742093,83e5c4e3ddf8df404089d46889b2aeb5d63b0acc783d29445a5dfd8f1e660643,113,True
EUW1-7925163532.rofl,EUW1,7925163532,16.14.794.5912,16.14,11,1593.1,15320562,f85dd3ee05fe31f9d405e15d263f2a7e92b549735a496d25008aeb94f0637ac5,83,True
EUW1-7925170407.rofl,EUW1,7925170407,16.14.794.5912,16.14,11,1378.2,10041608,05cd7780ea2757f8b4f8db9fd8a7676782f39370a21f98b564dc475ee7a5b420,71,True
EUW1-7925181941.rofl,EUW1,7925181941,16.14.794.5912,16.14,11,2196.8,17942413,9a1e7a0666b49d999ebaf6406e48d564073f0c89230575eace9155f640e30ff2,113,True
EUW1-7925195787.rofl,EUW1,7925195787,16.14.794.5912,16.14,11,1378.6,10728652,30ec0c970bc20d73abafdc8649066801120a02c6e0e7791cd29d13765e1931ff,71,True
EUW1-7925207361.rofl,EUW1,7925207361,16.14.794.5912,16.14,11,1113.4,8660366,86bc365c7911ceada30f176db817d7f63400e9f358f930cd1fcd6d8ad8e78d46,59,True
EUW1-7925212115.rofl,EUW1,7925212115,16.14.794.5912,16.14,11,1545.1,12722133,1041ebf280dcf0426ae73b45f428d73a534eef6bba10ceb5946ceb23dd81c041,80,True
EUW1-7925229031.rofl,EUW1,7925229031,16.14.794.5912,16.14,11,2100.9,16299287,6b30f68d2f86e74638019ac60d55fe730db438d70a7e59f99fa201eeb51f62a5,109,True
EUW1-7925242616.rofl,EUW1,7925242616,16.14.794.5912,16.14,11,1657.5,13776309,38c485f7516a92dd199fc3687e298eefcda3bb44bbdbf645cd2ef245e2b3a40e,86,True
EUW1-7925278245.rofl,EUW1,7925278245,16.14.794.5912,16.14,11,2140.8,19325381,dcc73ae18bc08c638d9089041d841ced90f2272a6a456bb9c3206e1b5b258d66,110,True
EUW1-7925313452.rofl,EUW1,7925313452,16.14.794.5912,16.14,11,1477.7,12043068,5aa367cca9ec97ccac8a70503e4bb25fa55c21b2321ede30a006dbfd5597c6d6,77,True
EUW1-7925322634.rofl,EUW1,7925322634,16.14.794.5912,16.14,11,1963.4,16520598,dfdfeb4559791535d15df15a09c0ca1f4fdb10bedf9f2c59d2b30fc6c089365c,101,True
EUW1-7925342959.rofl,EUW1,7925342959,16.14.794.5912,16.14,11,934.9,7074816,e85aae70d9788923397cd710189ca4691c7c754b73711b7562fc5deaea0fa050,50,True
EUW1-7925354709.rofl,EUW1,7925354709,16.14.794.5912,16.14,11,1949.8,15325416,f0caf824b85c5f82261f17b1132b061765951850431f12db55f681cc3dcbd586,100,True
EUW1-7925355434.rofl,EUW1,7925355434,16.14.794.5912,16.14,11,1772.4,13430822,6eae8b7059f40fa7e078da2d8fef7adc3623eb3d2837d8b6e48efa60ac03bb52,92,True
EUW1-7925357050.rofl,EUW1,7925357050,16.14.794.5912,16.14,11,962.5,9078040,52e683b36a3b5d29214b519d916c8fa2167076bcda6e5af6d545ed9a985d4ccf,52,True
EUW1-7925401554.rofl,EUW1,7925401554,16.14.794.5912,16.14,11,1490.9,12178839,ac7c95c91f3245606bbab3f42d8dd2adc3172ae70e7b33bab81e6ff64cfa2633,77,True
EUW1-7925403476.rofl,EUW1,7925403476,16.14.794.5912,16.14,11,2347.6,17439801,8be4ae0cf855338a5d1bc28e88240799f4c9ba25c35baa5967820902b80b2f25,121,True
EUW1-7925424322.rofl,EUW1,7925424322,16.14.794.5912,16.14,11,1811.4,14516119,721670e1477282559bd563e3f42a6868329237383eb33cdf02e69efd2842db80,94,True
EUW1-7925457332.rofl,EUW1,7925457332,16.14.794.5912,16.14,11,1849.2,14752884,13670dabdd0ad18129b3606107efebcf3d831f080b860540c7616747f5902f1a,95,True
EUW1-7925463664.rofl,EUW1,7925463664,16.14.794.5912,16.14,11,1470.7,11577506,6a378ea3792ce3291572bf5e0717b0875de883df48bf70b3d509c5898bfc87f6,77,True
EUW1-7925486523.rofl,EUW1,7925486523,16.14.794.5912,16.14,11,1505.4,12004473,8acf4d6076ae156bab81e0b70540319b5b4a822c06f4054d845e2b5ba4ac7a54,79,True
EUW1-7925595336.rofl,EUW1,7925595336,16.14.794.5912,16.14,11,1479.1,12682517,0532aa89b0c0785222434d8dd7aa588e1441be1118f70a0d5666b538dd0c338a,77,True
EUW1-7925596278.rofl,EUW1,7925596278,16.14.794.5912,16.14,11,2237.7,18769543,69e8fc4cc7216421421cc4da09ef9faa34250225fa103bf567ef14c3d0d7b346,115,True
EUW1-7925599417.rofl,EUW1,7925599417,16.14.794.5912,16.14,11,1978.1,14849029,ac89bba11d7651c36c007c13b417a164a4ab09aa738eb12b4adc785ad385a322,101,True
EUW1-7925607479.rofl,EUW1,7925607479,16.14.794.5912,16.14,11,1063.4,9157659,da01b05d08945b7150c86454c7ae8cd69d4cc2edb3c97f66e54daaf4a4853e79,375,True
EUW1-7925640007.rofl,EUW1,7925640007,16.14.794.5912,16.14,11,764.2,5145314,0c04370856cdf8f642e409e7bc2c40a6611ce319f427989e7288c34b7e11d10d,41,True
EUW1-7925646561.rofl,EUW1,7925646561,16.14.794.5912,16.14,11,2325.9,20924042,a1f8d12b73bedbed7bef88076f8e53ee99b5e582a99a30939129e32dfb363478,119,True
EUW1-7925663545.rofl,EUW1,7925663545,16.14.794.5912,16.14,11,2029.6,16525525,d8486dc7b9a937d6649ba18a36838184a0b31055433baf971c567d8b13fbc3d3,104,True
EUW1-7925673632.rofl,EUW1,7925673632,16.14.794.5912,16.14,11,1833.9,13904911,6cf199725af76a91d979d21535727b725e09a926907c25b7dd983cde445295b2,95,True
EUW1-7925678553.rofl,EUW1,7925678553,16.14.794.5912,16.14,11,2211.6,17432861,c8aba2db487eefa57ebee11089cfeaf13982e28380fc6359e8cbf43b5a4154e4,113,True
EUW1-7925698617.rofl,EUW1,7925698617,16.14.794.5912,16.14,11,819.1,6203186,a9cd881282ed7ab2cfa0e7d568565b9bd6a0174d54334d621f7b53473d8ee1b5,44,True
EUW1-7925719949.rofl,EUW1,7925719949,16.14.794.5912,16.14,11,1199.0,9546772,69bba61e2ade3be1b4dae905ee22070328571b4487a5702ab5ecd3b3489018fa,62,True
EUW1-7925726637.rofl,EUW1,7925726637,16.14.794.5912,16.14,11,2368.1,19299051,2979d9b5a80cdb5c07ec4120713b84c3768f3511dbe1d9201ee62e612ecd1e5e,121,True
EUW1-7925738431.rofl,EUW1,7925738431,16.14.794.5912,16.14,11,1314.8,10246157,05e5f36973bd25ff3a8f155475e5db665f1c3dc6a0b8c549c64e877f2ba7319d,68,True
EUW1-7925746519.rofl,EUW1,7925746519,16.14.794.5912,16.14,11,2381.4,18780775,3e8a9bcc7923e06516cb2e98e8a6f47f56a997b9009e67c4d8a183bf6a3fcbda,122,True
EUW1-7925764621.rofl,EUW1,7925764621,16.14.794.5912,16.14,11,2249.8,18670750,651d0db6c170c90a14e0bcdcee8ab1b0fede96d56fe99c7d21b1aa4b2a2a4b12,115,True
EUW1-7925781122.rofl,EUW1,7925781122,16.14.794.5912,16.14,11,1872.5,16229772,805dd8bd6482269166b8c08b5030d4db8ecdac968e08168e817bbe4b2c885474,97,True
EUW1-7925788041.rofl,EUW1,7925788041,16.14.794.5912,16.14,11,1452.3,11628414,5f3448dffe5ae2d4dfcd425d675ed92d5fe94979cc165841613df25ffc496be1,76,True
EUW1-7925796799.rofl,EUW1,7925796799,16.14.794.5912,16.14,11,2544.1,21457414,106b69a304bce8a00ad93c254dc8bc5ef23cb2ba21db19cb4db808cccbc9a3dd,130,True
EUW1-7925828026.rofl,EUW1,7925828026,16.14.794.5912,16.14,11,947.1,7278261,037b8ddffcd7de2a7a2a803cddc76ef0bb8672706d42185a03c45defe365dff0,50,True
EUW1-7925832070.rofl,EUW1,7925832070,16.14.794.5912,16.14,11,2977.5,24616599,3a9ad26ffae6f3f01e12d6ec7a93c31f48d37f52e1f9f1a0f485c572682c0372,152,True
EUW1-7925854193.rofl,EUW1,7925854193,16.14.794.5912,16.14,11,1208.7,9158582,0d6539756443028c9a640f4688c1e4d252f24a6e6a8c0ba307ae791193b1caba,64,True
EUW1-7925855131.rofl,EUW1,7925855131,16.14.794.5912,16.14,11,2094.5,16808836,0cd0003999abe39ecb89b1de78d797463157733d695149c91c9c9453cc4478af,107,True
EUW1-7925892764.rofl,EUW1,7925892764,16.14.794.5912,16.14,11,2027.3,16452858,bdbdc9508fe0b46569e278be845e24b2c114ac6607f98d08f55c6fba58d44da4,104,True
EUW1-7925924981.rofl,EUW1,7925924981,16.14.794.5912,16.14,11,2092.3,20552087,fc8c960c0434eb8490a13afded7cf790f94a8730dc6321655f2e4782e4f03dae,107,True
EUW1-7925949330.rofl,EUW1,7925949330,16.14.794.5912,16.14,11,2126.3,15166689,f84222d450f40462193c35b5d49c9dbdbd7aefd498ce89f544bc760e35d1de3b,109,True
EUW1-7925955905.rofl,EUW1,7925955905,16.14.794.5912,16.14,11,2012.8,16244401,c097064cca83420d9f77b6814ea4e555ebd93c3e66e514d9592744b21360e370,104,True
EUW1-7925965137.rofl,EUW1,7925965137,16.14.794.5912,16.14,11,918.0,7607101,73f38e502306f30bad9f2f9834c64fbb813378e305173a5703383ed76de13992,49,True
EUW1-7925973212.rofl,EUW1,7925973212,16.14.794.5912,16.14,11,1323.0,10264518,44e3ff0aa975c16e575836a94399dccabf671681821eb071c37dd6e759c333c9,70,True
EUW1-7926024274.rofl,EUW1,7926024274,16.14.794.5912,16.14,11,2506.0,20028798,70bbc6ba8097b02852a68883fd8dde76c5ba25faa40f4353476dbae087523563,128,True
EUW1-7926042874.rofl,EUW1,7926042874,16.14.794.5912,16.14,11,2352.6,19989831,2ccf94f999d16fb5a30da5172b0b16f97b98d8ca2b41198cc733ebcf5b39aa4f,121,True
EUW1-7926061471.rofl,EUW1,7926061471,16.14.794.5912,16.14,11,2280.7,19107579,7d5132085c2a12679709d6dd7dd64c82e2eb7b0bcfe46f7f7cb58ae8ffef760d,118,True
EUW1-7926078284.rofl,EUW1,7926078284,16.14.794.5912,16.14,11,1708.0,13612989,a6c8a3e31455b9e8f0ca718bb42857c88323a9c8632e214aa51f169e3c07b83c,88,True
EUW1-7926078893.rofl,EUW1,7926078893,16.14.794.5912,16.14,11,2641.1,20107969,75d2dca7781976b0d9a6206ceb557d88626ada03a7d6906ab1d1a0a854a03dc6,136,True
EUW1-7926106581.rofl,EUW1,7926106581,16.14.794.5912,16.14,11,1457.8,10363469,034f821d01d57384522b1357138e9cd35d5111cc68bf9213e6d7f5f9c37718b6,76,True
EUW1-7926118335.rofl,EUW1,7926118335,16.14.794.5912,16.14,11,2491.0,18846656,738ef0727ec2bbb512bb76b56a2969f22b69c7aedb882dc7f9a0efbcff6f576b,128,True
EUW1-7926158068.rofl,EUW1,7926158068,16.14.794.5912,16.14,11,2927.0,22285880,9e16ccfb82818d57c59f96b3cdb2154a3104dfe2316998f9ecfb1a4c8e52cdeb,149,True
EUW1-7926168669.rofl,EUW1,7926168669,16.14.794.5912,16.14,11,1270.1,10798144,ee506707e96bca9f62c98fea04c8e39a7c84bbcb158665565496103427ffd724,67,True
EUW1-7926251749.rofl,EUW1,7926251749,16.14.794.5912,16.14,11,2281.1,18907843,40a99490a32ae043293af09c05efb5199c9b03c4925d3e8ebb4eba497280f932,118,True
EUW1-7926314254.rofl,EUW1,7926314254,16.14.794.5912,16.14,11,2587.7,22381499,fce88eb570550218da3bed0db431d47cf7a9cc67a49ce6bc71c1dc1737da1513,133,True
EUW1-7926372650.rofl,EUW1,7926372650,16.14.794.5912,16.14,11,1811.7,14091897,38899761cbbb31cf6dc97db987e7ef23fb72bee65372b20231f7a0908b76f056,94,True
EUW1-7926400676.rofl,EUW1,7926400676,16.14.794.5912,16.14,11,1647.5,12445323,120938d6ec3c9590b61e643427a71f217df3e0efd14d8046586bfb1f6c8ab620,85,True
EUW1-7926408842.rofl,EUW1,7926408842,16.14.794.5912,16.14,11,2134.6,17387135,32581e210dab3c9ba6220ba9f5f2c84fe3daff0eced731650571431adef8af10,110,True
EUW1-7926454129.rofl,EUW1,7926454129,16.14.794.5912,16.14,11,1807.7,13381398,46996dc04f62f4a96cac039b39c39265f7b5ef421d026e060fe3fb96c67bb126,94,True
EUW1-7926496888.rofl,EUW1,7926496888,16.14.794.5912,16.14,11,1413.1,10866022,9aeefc58ac4c80b0ca96abf3dd877bc1f041ecead55115fcac52f89dd2b370bc,74,True
EUW1-7926510354.rofl,EUW1,7926510354,16.14.794.5912,16.14,11,1559.4,12766385,88736b2edebdaea86c3a31b6d0f81a2727bfabd09ccf6699e180a5fe99088d06,80,True
EUW1-7926539126.rofl,EUW1,7926539126,16.14.794.5912,16.14,11,1046.7,8344704,47e86d2db8a72486f74b6b1a53f07d3de205e23e0ded8ca599ad3ace717281f3,55,True
EUW1-7926573190.rofl,EUW1,7926573190,16.14.794.5912,16.14,11,901.9,6867864,aafae97ecf998fe3beabe91131c5663735ac26b6e2dfe53627e93495a821120e,49,True
EUW1-7926585459.rofl,EUW1,7926585459,16.14.794.5912,16.14,11,634.5,4628276,ca4bd3cb648747e59c99da1eefc0bf7fc2b629358a3c1dc49b389a0661eed890,35,True
EUW1-7926607457.rofl,EUW1,7926607457,16.14.794.5912,16.14,11,2239.1,17876340,3cfc214e9b4facf95e5bdd25ebd77b1c753cd640beb9bdcd861fea231c7f0d6d,115,True
EUW1-7926626826.rofl,EUW1,7926626826,16.14.794.5912,16.14,11,1609.8,13184897,bb02399cc0da3e79d421841b10db00d0913e716327b356d8e76e7dab1777f49e,83,True
EUW1-7926661227.rofl,EUW1,7926661227,16.14.794.5912,16.14,11,1471.7,12152028,eda7036237c8de762bba7570bcb9990530230125c18b74868c326e67148ee391,77,True
EUW1-7926665432.rofl,EUW1,7926665432,16.14.794.5912,16.14,11,980.4,8366393,eee433f0c2b24f747b6e66f90a25ba7fe15f668add6dbc8610f5825c4cf87c85,52,True
EUW1-7926740657.rofl,EUW1,7926740657,16.14.794.5912,16.14,11,2217.4,19883322,f35e7d502f7f12f61c561c67db0a25ecaf8c97f382345cf9eea07cf29ffdc8fb,113,True
EUW1-7926890097.rofl,EUW1,7926890097,16.14.794.9266,16.14,11,2206.2,16280480,0b38756e5d05118a611983d284e96788cb4a31578e18d235c86991a0516036db,113,True
EUW1-7926926041.rofl,EUW1,7926926041,16.14.794.9266,16.14,11,2186.4,16788847,860db61c6c5446e0401762ea44a21416c71c6dc4e4d6efcb46ddd1c707d538cb,112,True
EUW1-7927088511.rofl,EUW1,7927088511,16.14.794.9266,16.14,11,1661.0,12619627,b69ae119f3df2469794b35415247f2b43375f44a599b19b475754e776e0c01fd,86,True
EUW1-7927100015.rofl,EUW1,7927100015,16.14.794.9266,16.14,11,1243.0,9228275,70dffeae64c3fe0943ec7d736b486a401a92c6c996f26b40a2fe0c23d4eb5c6b,65,True
EUW1-7927180263.rofl,EUW1,7927180263,16.14.794.9266,16.14,11,2212.4,19121197,eb974867e6622cf4261b1f811ecef8f5c0b8e773f974961a0326416946565465,113,True
EUW1-7927180858.rofl,EUW1,7927180858,16.14.794.9266,16.14,11,2844.0,21948420,b03740856feaa076ac027035830af0b98c727c0ec35d948e31ee299ff5b9221d,145,True
EUW1-7927188884.rofl,EUW1,7927188884,16.14.794.9266,16.14,11,1646.7,12772309,566fa8aa4a3918fa2c83b3fd6f87c046aec26d5c39bf9ee5b2fbb3d1bd01284d,85,True
EUW1-7927214046.rofl,EUW1,7927214046,16.14.794.9266,16.14,11,1988.2,17949161,8d88db6e2baf2170cc3c55c1af74d9a396cc768d40fb0fc7a9f3864ab5c0365b,103,True
EUW1-7927215914.rofl,EUW1,7927215914,16.14.794.9266,16.14,11,2045.1,17898631,1383db59d2d8d2d96c065f502b066940242a6675ee6cbc52177f21ea448b5350,106,True
EUW1-7927292494.rofl,EUW1,7927292494,16.14.794.9266,16.14,11,902.0,6533396,76d82c3a23e0fc0cfbdde9013c6e350a9b8c5bdd2a6b2038595b9a26e41ac8e2,49,True
EUW1-7927460043.rofl,EUW1,7927460043,16.14.794.9266,16.14,11,1891.5,15114420,4ba30b68a0e10f955175f9ca711e0931a7e14914f490b8f156c589124e2525fd,98,True
EUW1-7927550191.rofl,EUW1,7927550191,16.14.794.9266,16.14,11,1149.3,9199658,bb5a9c49e4a557fda66b6339c5a2e1562450f4f15132af13c3af12bf49238bf4,61,True
EUW1-7927629008.rofl,EUW1,7927629008,16.14.794.9266,16.14,11,1616.5,13301699,13a762bf1c973411670631e8c0e626e08601f17578fe34ee66a11f9189f88a95,83,True
EUW1-7927675107.rofl,EUW1,7927675107,16.14.794.9266,16.14,11,1591.2,13094170,71a412e7b6c257b38b59f947e84f9f4cdaa1ebce5fe7bb9be0c487142073ccec,83,True
EUW1-7927730089.rofl,EUW1,7927730089,16.14.794.9266,16.14,11,1484.4,11819484,4547353d4cfadccdbe169b3157383a917b0df441eec4ed1d6e4a4607cf9d0f28,77,True
EUW1-7927735405.rofl,EUW1,7927735405,16.14.794.9266,16.14,11,1236.4,9528160,2e660e355dec11e5ab1630dc394775c813ec9e17e2337bd19f53e0b3d94cebf4,65,True
EUW1-7927747915.rofl,EUW1,7927747915,16.14.794.9266,16.14,11,1130.1,9238952,cad0846c1b7b3ef9001317ff810b56bbc46c92ef0a1d14865ef4de8a8db5e824,59,True
EUW1-7927779339.rofl,EUW1,7927779339,16.14.794.9266,16.14,11,1769.4,13754272,79ebc58c0b4a8341c325714d84a6b0f2c589353099746505ad426136a2ec6482,91,True
EUW1-7927779447.rofl,EUW1,7927779447,16.14.794.9266,16.14,11,1195.7,9533708,551971cca142b25b38a7632b23aa5cebfd72fb29697eea89aca05263c5b183d4,62,True
EUW1-7927804806.rofl,EUW1,7927804806,16.14.794.9266,16.14,11,1479.2,12187103,63931c4c4447368cbf3acb2bc614b69fe77caa528c49611eb8d8d9e2ab382acc,77,True
EUW1-7927828714.rofl,EUW1,7927828714,16.14.794.9266,16.14,11,2039.3,15847702,1f42d38cafa2dd1e341049fc9ce52e750645eb36fa131c7f19bdbcd638aa3ede,104,True
EUW1-7927830029.rofl,EUW1,7927830029,16.14.794.9266,16.14,11,932.5,6969372,d8b5edc350bc7060435c06f31ca82a8158296a89818267017aaafa5976fc70e2,50,True
EUW1-7927889737.rofl,EUW1,7927889737,16.14.794.9266,16.14,11,2151.6,17035553,9375e91d5c9e965e34ac7baa594fdd19d39a16972e223b1a2a2e8b0c77e11a8f,110,True
EUW1-7927891743.rofl,EUW1,7927891743,16.14.794.9266,16.14,11,975.5,7339924,bc70a6ad5a3fe86cf5eab120c1e5515fc5be23340a3e59e952e23ce7c91a220c,52,True
EUW1-7927947413.rofl,EUW1,7927947413,16.14.794.9266,16.14,11,1632.5,16407822,8171997e4dc95c55883cefcb2826d88616e3979e897d4729d691cae21a3b96ae,85,True
EUW1-7928024963.rofl,EUW1,7928024963,16.14.794.9266,16.14,11,2306.3,19332781,ee9125b9263cf2ba0eb5ba8ae9d42bff52f4d0b855680e0114704adda57709c4,118,True
EUW1-7928202763.rofl,EUW1,7928202763,16.14.794.9266,16.14,11,1579.7,12615124,ad59927a2c41a0c07357227d4172afbbde25ceb319164f5df4dae5a47301d860,82,True
EUW1-7928225963.rofl,EUW1,7928225963,16.14.794.9266,16.14,11,1657.1,14084658,f72cbf0b1cefd9e58be7bcec29088bc6bf0ba02de456003bfc288c933c7c61ef,86,True
EUW1-7928255145.rofl,EUW1,7928255145,16.14.794.9266,16.14,11,2054.6,16022858,b4333c31f9b64b518f42f1c0a227d9ece1dd5769841b5d8316de47560c6992a2,106,True
EUW1-7928291580.rofl,EUW1,7928291580,16.14.794.9266,16.14,11,1383.2,10653895,3e89f98db5477c75c9ce704ff61f67a4ce2d69d5d3dd8fdd8f3ce3e342e13731,73,True
EUW1-7928317957.rofl,EUW1,7928317957,16.14.794.9266,16.14,11,2295.0,18354805,991508ac0f7ed1f504fa024be259b830f99f712d3ade8b1083b9da60933df816,118,True
EUW1-7928352250.rofl,EUW1,7928352250,16.14.794.9266,16.14,11,1282.1,10247625,268aba841b1ef34d1eaa4fb4f54e75c24f4c7c4766a1c82f177ce58122c9469b,67,True
EUW1-7928384007.rofl,EUW1,7928384007,16.14.794.9266,16.14,11,1509.0,12108924,f7c4a6681205535a6814749d2992324f793fef59c76b3e299a983c2c40ad06a9,79,True
EUW1-7928433481.rofl,EUW1,7928433481,16.14.794.9266,16.14,11,1266.4,11025034,ffacda54e048b5d81c71ffdd710059225a9a063f00814986f58cb929872f2540,67,True
EUW1-7928454781.rofl,EUW1,7928454781,16.14.794.9266,16.14,11,1838.5,15419604,188f2c1d1f24ae023a7a2ed8a2dcfeb8b2d766e265836f269db164aa28ad76d5,95,True
EUW1-7928708038.rofl,EUW1,7928708038,16.14.794.9266,16.14,11,2896.0,24635126,a9caa3e0a98d430444cd8309e9621fb9ccf30f62062295237dc08c7a15f55448,148,True
EUW1-7928772593.rofl,EUW1,7928772593,16.14.794.9266,16.14,11,2256.1,16913790,d5ca16e77eafa4f3a46854530841f35cb4344b2640aac245bde9c46099a7e6f4,116,True
EUW1-7928822417.rofl,EUW1,7928822417,16.14.794.9266,16.14,11,1980.4,17331071,79e887bc94688354cb998b487d11d22cefd06128b0169be4fe68f7fbb9d43d68,101,True
EUW1-7928871281.rofl,EUW1,7928871281,16.14.794.9266,16.14,11,1922.1,14513348,c0a74b58bd6221b612857f98859f85e9e2e11655f03dfae3f5b1e6121011d00f,100,True
EUW1-7928912312.rofl,EUW1,7928912312,16.14.794.9266,16.14,11,2646.4,21320416,62aec48c31f4f3d7cce442fb169b29917f1d8a1469c529081cc56ca911b7c5fe,136,True
EUW1-7928948950.rofl,EUW1,7928948950,16.14.794.9266,16.14,11,1341.2,10137108,0a2a941848ef95953fa9cb63ee64b12dc021b2d4ae5c2fb4161050709a3332b3,70,True
EUW1-7929072666.rofl,EUW1,7929072666,16.14.794.9266,16.14,11,1223.0,10508276,9089d0f609cdee4d5d47f5d6bd8dd68b7ded140e691e914b955d61cd626c7f4c,64,True
EUW1-7929539211.rofl,EUW1,7929539211,16.14.794.9266,16.14,11,2232.2,17378672,3cf083f41ac331af88c83e534d0eeeb4ba0593b1d3cc59b7f396becc597c06c6,115,True
EUW1-7930023180.rofl,EUW1,7930023180,16.14.794.9266,16.14,11,2063.9,17282126,158d41a9ec2478a8258dc42672dd063207fca457c130109754b6464853458ea3,106,True
EUW1-7930035255.rofl,EUW1,7930035255,16.14.794.9266,16.14,11,3075.9,23521543,63229985ff7fc26caf4299a4e13e98d91a801303138fc28e0f3f2e02abc5a7e7,157,True
EUW1-7930035662.rofl,EUW1,7930035662,16.14.794.9266,16.14,11,1475.8,11813801,72c74f02f15a46a8f370160bb8c6613b40387e78aed790f921ba8e36fc494bd5,77,True
EUW1-7930121951.rofl,EUW1,7930121951,16.14.794.9266,16.14,11,1503.0,12572062,f2eeb5794784fe67133a87d5dc45d7edced05f51aeb558f0889a6dc21d1fadfd,79,True
EUW1-7930323718.rofl,EUW1,7930323718,16.14.794.9266,16.14,11,2417.8,19675717,95b60b623b13fa3433a8bb0c6349c7d20a71853526c614a6f6348a750af81288,124,True
EUW1-7930411712.rofl,EUW1,7930411712,16.14.794.9266,16.14,11,958.4,7603531,6033fba7a7e5fb43be5fad121dd7608325e9dea34edf98c47d13c288bdf0a341,50,True
EUW1-7930486292.rofl,EUW1,7930486292,16.14.794.9266,16.14,11,2005.4,17396048,70c7234c1960349c0a47df65868d06d335006e5bb4f3567539157d465fe75e08,103,True
EUW1-7930495696.rofl,EUW1,7930495696,16.14.794.9266,16.14,11,1398.9,12824617,d7e4ad2259e332ad5edaf4fa5a82a01c6db9ecbcd063374f2dcdceed7b09b668,73,True
EUW1-7930536772.rofl,EUW1,7930536772,16.14.794.9266,16.14,11,935.9,7523862,5a8be0560c1170b4dd204a8a3a9659e994eeab6faebf9bfd61907d7a0df7655e,50,True
EUW1-7930614522.rofl,EUW1,7930614522,16.14.794.9266,16.14,11,1921.9,15030667,4b81d3e98d569aff8dac33c7c77041db8d904315fdc48e162743f7438e46ffc4,100,True
EUW1-7930875806.rofl,EUW1,7930875806,16.14.794.9266,16.14,11,2011.8,17229686,7b62dfc9f57f0d0fb3dd282878d33c98c5e8ec53016d667c16ffe47b4a03eef6,104,True
EUW1-7930927603.rofl,EUW1,7930927603,16.14.794.9266,16.14,11,2074.2,15195429,d85d42f1eb05dd006b3c846dfa9c757af744c1e2675b1e37ecf6ce18e680fb5b,107,True
EUW1-7930972946.rofl,EUW1,7930972946,16.14.794.9266,16.14,11,1813.7,14453638,d15e333211e9b6a0402bda7467d679c128dfcfb639e53b27a535797018fd3096,94,True
EUW1-7931008256.rofl,EUW1,7931008256,16.14.794.9266,16.14,11,2403.7,20138934,d42b126556ab83123b6dbfad23ad26def6ed4215f95328cb2ba6d409dc307c22,124,True
EUW1-7931011465.rofl,EUW1,7931011465,16.14.794.9266,16.14,11,1355.5,10490882,9a557a3ef1af45fa68b1ba3d92c334e94154b8d12b0b04b0382956aaee8e17f1,71,True
EUW1-7931056558.rofl,EUW1,7931056558,16.14.794.9266,16.14,11,1415.2,10306105,6832b2be610fa94804b358560ab3824aefdeab75789f7f1626f0cd942f1b721b,74,True
EUW1-7931166558.rofl,EUW1,7931166558,16.14.794.9266,16.14,11,1942.9,15055065,3b46d58a82726a328e78f0090cf2a03bff455edcbb0172ff1551d39f2e27f273,100,True
EUW1-7931308569.rofl,EUW1,7931308569,16.14.794.9266,16.14,11,1927.1,15718193,71d45be69d1ac5206018ff6c4f5cd535f7d1795f9ac5d00397b7f0170732e9f4,100,True
EUW1-7931351839.rofl,EUW1,7931351839,16.14.794.9266,16.14,11,1701.0,14439362,37ffb39fcf43afa15c1683f41dcf64a34ec7216187a2ddf0ee52489e10b31efa,88,True
EUW1-7931549745.rofl,EUW1,7931549745,16.14.794.9266,16.14,11,2150.4,19096509,ea36fe63aa9cfb3f85f9338b54c54e60d6fba10e8d7ee02840ba73e9396c7919,110,True
EUW1-7931689852.rofl,EUW1,7931689852,16.14.794.9266,16.14,11,1953.7,16483974,8d6a8bf86cb12ba5806febda886457793cee42beb254cebcbf0638130af37ba9,101,True
EUW1-7931744868.rofl,EUW1,7931744868,16.14.794.9266,16.14,11,921.1,6511988,7141f35610b1f211b0156594b4cb48b520d8404ae57fd69d56be74819364b79d,49,True
EUW1-7931772871.rofl,EUW1,7931772871,16.14.794.9266,16.14,11,2314.1,18907497,48da24c494575ce89a5ecef8cde2e331596b37f53cc0cd3a74f8e8714680994e,119,True
EUW1-7931784115.rofl,EUW1,7931784115,16.14.794.9266,16.14,11,2032.9,16593752,b188e833ed3da4a097aad5bd553489ed9850ac7e99ab4bb593cb3e1cdd45d5c9,104,True
EUW1-7931839265.rofl,EUW1,7931839265,16.14.794.9266,16.14,11,490.3,3651004,54753f99922d132dad5f7ff656369768191b97c84b9725705c28f035e3dcdfea,28,True
EUW1-7931864883.rofl,EUW1,7931864883,16.14.794.9266,16.14,11,2363.4,22104045,c6188c34fe6bbebe5d1f6e9091f4f093d66f5bf3b50e89f4b48a335890719c6f,121,True
EUW1-7931983241.rofl,EUW1,7931983241,16.14.794.9266,16.14,11,1062.6,8237474,2503336d4b3e48305c84a72ba7ddbca95d761cea448f0714587d6dde64942821,56,True
EUW1-7932012556.rofl,EUW1,7932012556,16.14.794.9266,16.14,11,1374.7,12204993,fa323637bf0bec86bf26e82eaca6c64e2ce118e665ae90ee085bca664e01e551,71,True
EUW1-7932040512.rofl,EUW1,7932040512,16.14.794.9266,16.14,11,1099.8,8638350,51caf8f4e088e8f4f47d76d7263c6eb5d883e26b997d5575f31a3e15ebcb3ea9,58,True
EUW1-7932060151.rofl,EUW1,7932060151,16.14.794.9266,16.14,11,929.1,7334879,b477f244c4c964c3c6c48525ee1ff6470900dd44ed547b60e182ed406ff11713,49,True
EUW1-7932161264.rofl,EUW1,7932161264,16.14.794.9266,16.14,11,1985.8,17438531,7a9d3ec3fc82c6d9f322a5542b8dc3f6f474bf26a703eae8ecb2f15323d27592,103,True
EUW1-7932161729.rofl,EUW1,7932161729,16.14.794.9266,16.14,11,2095.7,16750668,b45b4ad8d4b1f45bb24b21b23fbe5d9b266e3289befff9307b85be667d6d8c38,107,True
EUW1-7932164412.rofl,EUW1,7932164412,16.14.794.9266,16.14,11,1873.9,14942349,cb2d4d6116df9c22c02360994b4bed08546ed669baf051ac73247278e1a77839,97,True
EUW1-7932164737.rofl,EUW1,7932164737,16.14.794.9266,16.14,11,764.0,6433859,17128791bff59ffafee374030370ee1c378771f2b3b10c303b9dcc37716c56a7,41,True
EUW1-7932173905.rofl,EUW1,7932173905,16.14.794.9266,16.14,11,1624.2,12578254,067359024f20c9ba8414fc29f343b9a99f220c6c30a0456bf18cade3cd37c541,85,True
EUW1-7932176307.rofl,EUW1,7932176307,16.14.794.9266,16.14,11,1695.1,12783336,e8caa28f25070147d1855d802bd50d1dd6f4cf2d578d06d704efc4e5501162f4,88,True
EUW1-7932189386.rofl,EUW1,7932189386,16.14.794.9266,16.14,11,1166.8,9143755,cf0de89fc3f42fd6527b7ad3f18e35b2a6b59add580d009836cc4ddca67b9767,61,True
EUW1-7932257294.rofl,EUW1,7932257294,16.14.794.9266,16.14,11,1047.3,8682677,61938fe5d31295f92d6ff4455c4972cc24931c873f81b9b5483fae123a60a07c,55,True
EUW1-7932281341.rofl,EUW1,7932281341,16.14.794.9266,16.14,11,1751.7,14087251,167654c3ee6e65c1abb63c4a7b4c2ce6050ce2b451edded06aed59cc12965bc7,91,True
EUW1-7932314944.rofl,EUW1,7932314944,16.14.794.9266,16.14,11,1284.5,10479116,2e3ad892ae1b3f1f91fff8c2c5bec437cd3581ca94df23a93f2ce46c9d9a2a42,67,True
EUW1-7932609829.rofl,EUW1,7932609829,16.14.794.9266,16.14,11,1645.4,13308674,cbaa5cfc5c896c9fb774f3394437245a5f5861d69c931f5dc0cd22b23352902d,85,True
EUW1-7932700085.rofl,EUW1,7932700085,16.14.794.9266,16.14,11,1665.9,12564776,809fe59ddf15868cbd18ab45ba18a0bbeb88c52f4b1713cd908006b609274d8f,86,True
EUW1-7932748224.rofl,EUW1,7932748224,16.14.794.9266,16.14,11,1565.2,11540708,06c6e5978dc673710710898be525f2de595f90e0c061458dc66ada4ad83daf70,82,True
EUW1-7932819861.rofl,EUW1,7932819861,16.14.794.9266,16.14,11,1040.4,8113164,13d32b8032717b2c64a5ebda6f6b90ceb00e7b8bb63de8eaa6132b1b90c24c24,55,True
EUW1-7932854052.rofl,EUW1,7932854052,16.14.794.9266,16.14,11,840.4,6572007,229024a59d36dd48fb578d2c39937bb1feaca41a29f3bfb918cb23fa20ad4071,46,True
EUW1-7932882075.rofl,EUW1,7932882075,16.14.794.9266,16.14,11,1511.9,12341826,f666910165589949ebc0561a6d971466a1a9a534d2a6c4105c96f0f3bcd18225,79,True
EUW1-7932930774.rofl,EUW1,7932930774,16.14.794.9266,16.14,11,1013.4,8323226,e7d56c239e8345985053bb56ee88ac785cffed48cc8f502e11eec36241f89ee7,53,True
EUW1-7932951709.rofl,EUW1,7932951709,16.14.794.9266,16.14,11,1965.0,14872804,f1c52b1ba341d3442ad37b1a9346bebe9d3245f6c78fed82a0126ad6be4c6222,101,True
EUW1-7933053687.rofl,EUW1,7933053687,16.14.794.9266,16.14,11,2173.7,17652008,65b7268633a328022c9d52191265c9dbbc2b6bd611b48f944864552597e243ad,112,True
EUW1-7933078815.rofl,EUW1,7933078815,16.14.794.9266,16.14,11,1671.9,12556124,d9e4b51a8ee43815db88b960e0f85ec210685216df468b6fbcbff4ae5a38ee6d,86,True
EUW1-7933091349.rofl,EUW1,7933091349,16.14.794.9266,16.14,11,554.6,3570181,8f19b90d1389cebd6f7f5a27799c73cce1e7642f5497fe93f208a0ef60bc60cc,31,True
EUW1-7933104763.rofl,EUW1,7933104763,16.14.794.9266,16.14,11,2580.2,20358232,9d2d7b703c534fa502e2a7fd8f5213282ccbc330ec4712e479bbad85307b3508,131,True
EUW1-7933276397.rofl,EUW1,7933276397,16.15.799.6036,16.15,11,1296.7,9708519,401af85ecf2724cc02e569b59d530f4f53148af0134c049c8165bd32ade3d2b9,68,True
EUW1-7933308977.rofl,EUW1,7933308977,16.15.799.6036,16.15,11,938.4,7044149,16122323153e3e9224d6d5d6748db6fd504889728f9e31812cd4a0e17824e732,50,True
EUW1-7933323572.rofl,EUW1,7933323572,16.15.799.6036,16.15,11,1080.4,7898847,dacb77c6750f69a279aba25901918550533d082da7ddb9a57651ccdfab05963d,58,True
EUW1-7933337980.rofl,EUW1,7933337980,16.15.799.6036,16.15,11,1949.1,16390772,ad2ed52b052bbc83460e1cd3f257a0ab7259e12fc21a86fd9646a2dc16b49baf,100,True
EUW1-7933387382.rofl,EUW1,7933387382,16.15.799.6036,16.15,11,1547.0,12390383,77e44189d5c2c2203b2f921878fa3228af3a9eba51c42554a51db9dad2fa80ec,80,True
EUW1-7933414692.rofl,EUW1,7933414692,16.15.799.6036,16.15,11,769.4,5691848,7fad0b7c32393a86dce86ada9487f9fca797735f593a7a61227d81f9aa09851b,41,True
EUW1-7933473883.rofl,EUW1,7933473883,16.15.799.6036,16.15,11,1221.5,9115659,100f8e49e0f8dc26b8608ac8c236a59300e339f25a387fe20ac42c270ac43ca0,64,True
EUW1-7933490932.rofl,EUW1,7933490932,16.15.799.6036,16.15,11,1940.1,15495586,de732f101093861bf1d7356d390dc623e62b52938cd715d29df9dad3abd42e84,100,True
EUW1-7933508325.rofl,EUW1,7933508325,16.15.799.6036,16.15,11,2301.9,20423225,f36d7ec287d967c9d3315d6a0534498ac500729e56fb75a788b340637391dc1e,118,True
EUW1-7933527031.rofl,EUW1,7933527031,16.15.799.6036,16.15,11,1712.5,14854766,f2fe103a7dd9153bb5c78a206f282db9376e99b9041433a235d5237d07ecbbd4,89,True
EUW1-7933530165.rofl,EUW1,7933530165,16.15.799.6036,16.15,11,1343.7,11122111,d923a413151871dc60a08d7e36236a18e69118803efb3d2b9ef0ec17ef769d43,70,True
EUW1-7933555373.rofl,EUW1,7933555373,16.15.799.6036,16.15,11,1815.4,15194421,617aec314d0776c6b9f27ff97bc5b8995f2e91f4f617fde47889e91572950d5b,94,True
EUW1-7933576456.rofl,EUW1,7933576456,16.15.799.6036,16.15,11,2277.8,21365632,743685e4a4de05e5265232d4559b0e2d0ba5a0fb5619470f566eca1bce1fdb76,116,True
EUW1-7933810429.rofl,EUW1,7933810429,16.15.799.6036,16.15,11,1922.2,15971109,9cd49a16198cb89cc8f6d6160fd2528e645a211037e77b0cc27b8d232cd9ab11,100,True
EUW1-7933914777.rofl,EUW1,7933914777,16.15.799.6036,16.15,11,1517.9,11432394,cd309066bc3383d6775f283743f41e11773b113da02148cbc8872c74d5da14d7,79,True
EUW1-7933947062.rofl,EUW1,7933947062,16.15.799.6036,16.15,11,2201.1,18723445,32c8de2b456ce2833621dd0a0378043c3660f25f7bb66a0463bf23e3474a0f40,113,True
EUW1-7933948600.rofl,EUW1,7933948600,16.15.799.6036,16.15,11,1551.4,12570054,54ec69bc0f833f1918624366f0dc93f60afad08990c6f82f9b28e375ba21cbd2,80,True
EUW1-7933964387.rofl,EUW1,7933964387,16.15.799.6036,16.15,11,2533.3,21512107,129472d1e229b86bebcaaa6359c2068fa82d6fc388e28657536ed8e113548d31,130,True
EUW1-7933973964.rofl,EUW1,7933973964,16.15.799.6036,16.15,11,2100.7,15957066,f840c1baae5f617e6e8e9dea2d572efd57c428b4ffc74f9b3e1c9c6554cdd05f,107,True
EUW1-7933993422.rofl,EUW1,7933993422,16.15.799.6036,16.15,11,2009.7,17906925,c4a32a7bb8d7f94baee49a83ceacd6e22f50c5dd4aa5c45b0e7cfa3a055931ae,103,True
EUW1-7934007878.rofl,EUW1,7934007878,16.15.799.6036,16.15,11,1132.8,9156124,f63d5fdec0460c674614619ba2cb5fa786e825ae8f50068292d9bce1d873d108,59,True
EUW1-7934016442.rofl,EUW1,7934016442,16.15.799.6036,16.15,11,1416.9,10727230,a6835763f8d9eed37ea379330e53e659b6cfeb529c83b3d81dddf8b4e94b5945,74,True
EUW1-7934021481.rofl,EUW1,7934021481,16.15.799.6036,16.15,11,1518.0,11287804,1c17db6099701f73c74daad9939f56db0c0a973aaa8c78afface3550ad9689bf,79,True
EUW1-7934036315.rofl,EUW1,7934036315,16.15.799.6036,16.15,11,1923.5,15162033,35fb0fc2c1b2b8770e67cecf3670400efef692dfd02f630b4e83c1de0aaaf5e0,100,True
EUW1-7934043450.rofl,EUW1,7934043450,16.15.799.6036,16.15,11,952.4,7431165,cd3b4e8931fecbeda9e5f36abc50110ca2c468cf98f0cfd51ad3ac97f59fbd9f,50,True
EUW1-7934046190.rofl,EUW1,7934046190,16.15.799.6036,16.15,11,1935.1,15742464,5fc2acef211094247d14c0f6db70ad4894ed2624feff6b5f85ddeb38df31853a,100,True
EUW1-7934078162.rofl,EUW1,7934078162,16.15.799.6036,16.15,11,1741.8,15672591,3a8a7ec17b6b66cd6378186e99fd542cc4687eaf0271fff4ff6e558785b57c17,91,True
EUW1-7934083943.rofl,EUW1,7934083943,16.15.799.6036,16.15,11,2826.4,23855618,4a6628f53762c287bfdc9895e9fd5a4f76fd10647fca2edc40c5b4f5ef51b8b3,145,True
EUW1-7934092448.rofl,EUW1,7934092448,16.15.799.6036,16.15,11,1368.7,11500568,ad9b7f43a654395f6cc8406751e54c2c0ce6381a9f1208c10d765f9e7d25419a,71,True
EUW1-7934098062.rofl,EUW1,7934098062,16.15.799.6036,16.15,11,1616.0,13570305,b4134d316f97affde12a45a68f35a0afad44d487f762c410a21a5b9b2ebd9c15,83,True
EUW1-7934121542.rofl,EUW1,7934121542,16.15.799.6036,16.15,11,2304.6,18679621,0003766cc4d7c564811732a9d5780b32e63c6481808515fb6d40ca2cab249721,118,True
EUW1-7934147274.rofl,EUW1,7934147274,16.15.799.6036,16.15,11,1926.5,15858186,22bc8b9e1fad222ba61746adcd6a51b36969f623256350537d206f4d3b5f4d40,100,True
EUW1-7934179742.rofl,EUW1,7934179742,16.15.799.6036,16.15,11,2342.9,19194778,2cb2bf58fd79f641c7511bdc10dfd4e8a18e7426821af1c413ae1424efac2b0c,121,True
EUW1-7934440747.rofl,EUW1,7934440747,16.15.800.8073,16.15,11,1001.3,8379553,c7a27e45c5a70562cc981b770ad9441470c38721431694717e44ca5cbb823b1b,53,True
EUW1-7934454069.rofl,EUW1,7934454069,16.15.800.8073,16.15,11,1376.9,11087494,286052a9ee3208b0f69867ecf8e523affdd8aa1b71cc5373d38ec2523c74ae0a,71,True
EUW1-7934461952.rofl,EUW1,7934461952,16.15.800.8073,16.15,11,1850.3,14223904,26b443f0980fab54a8bc4f59cabed54f94a689e7f90c7f00e8f9ba24b0817c59,95,True
EUW1-7934482896.rofl,EUW1,7934482896,16.15.800.8073,16.15,11,1257.1,10633010,52b683e79e5cf6ea4cfbc89b735ce58f1cd0d31f2224b9d0e5b9415b8d75f846,65,True
EUW1-7934517633.rofl,EUW1,7934517633,16.15.800.8073,16.15,11,1139.4,8730598,2b9598a6e528fc55981ab91ad15f2f0c892dd4c1fffad41c9ef6c1c9b09c7140,59,True
EUW1-7934545265.rofl,EUW1,7934545265,16.15.800.8073,16.15,11,1733.3,15129945,2429d6d103b03417420d988887e137c10d3d6e9a6332c1633e93d3874abf8f09,89,True
EUW1-7934564767.rofl,EUW1,7934564767,16.15.800.8073,16.15,11,1667.3,13503648,838c2c7bc73e75204e2ef22cb122aaebf73c0b57956871bb68ff8aafb6882d29,86,True
EUW1-7934618116.rofl,EUW1,7934618116,16.15.800.8073,16.15,11,1270.5,10035403,70a620debd637171a13dc364c1db86163a1203cff4d067e2c93923a73f177d5d,67,True
EUW1-7934624453.rofl,EUW1,7934624453,16.15.800.8073,16.15,11,2098.5,17295535,18f4a26eff13076e08cd720420f97a2b80cd2999c367e471178b91ad48157fc9,107,True
EUW1-7934682959.rofl,EUW1,7934682959,16.15.800.8073,16.15,11,1122.4,8636316,bddb47e5ef077db31c72cf56533628deb2b8cf624481dab5ed3ede6eadf8a0a3,59,True
EUW1-7934686073.rofl,EUW1,7934686073,16.15.800.8073,16.15,11,2065.0,16425608,43938d402f4fab52719e072e48238b8634542ec764b8f2adafe92fb6c2dbfc44,106,True
EUW1-7934819891.rofl,EUW1,7934819891,16.15.800.8073,16.15,11,3008.4,27397111,05bb8135d55cb4ab24ef2a6b8e61a819a3ecc3dae1ed371071cd0b654831f923,154,True
EUW1-7934894074.rofl,EUW1,7934894074,16.15.800.8073,16.15,11,2106.2,18160610,9ed23239cb64bddb319b7425a4a455adc8d9ffc57741198a5e1cab01c1eb03b2,109,True
EUW1-7934895378.rofl,EUW1,7934895378,16.15.800.8073,16.15,11,911.5,7077528,33b5f03d0b71d0ac581310d3ff1deb0a1d672a1719d6a4cf30ef39c66528549a,49,True
EUW1-7934918429.rofl,EUW1,7934918429,16.15.800.8073,16.15,11,1670.1,13932750,a935fb501ffaa5dc2b04c1f6dbe56ac7a7629587ba78302bc1aad81e1b46b3cf,86,True
EUW1-7934926203.rofl,EUW1,7934926203,16.15.800.8073,16.15,11,2497.3,19955445,30a5387178c42d854d61da2d80b0f92b63e6df9594669ab4ccf1b5c8380c78b3,128,True
EUW1-7934930205.rofl,EUW1,7934930205,16.15.800.8073,16.15,11,1469.7,11520881,ec27b2acbf4e24f70353966c315bc4d1a77b9e0b0decf51bd7eb3ed7aa02fd19,76,True
EUW1-7934971202.rofl,EUW1,7934971202,16.15.800.8073,16.15,11,923.6,7318193,3c77d0348734652b7914e7335dae3030c5fb053fadb3f89a43b72d9cc6a10979,49,True
EUW1-7934980409.rofl,EUW1,7934980409,16.15.800.8073,16.15,11,2027.1,16883594,b5e2b8eb8311b30a10a0910379528ec6ee55c6ffdd82d8011f20129d379cd388,104,True
EUW1-7934995458.rofl,EUW1,7934995458,16.15.800.8073,16.15,11,2754.3,22363315,c850501f8a43fcd4f8497e064cca9e9a09a3f42656a42b0b9fad5bde96a8666e,140,True
EUW1-7935004387.rofl,EUW1,7935004387,16.15.800.8073,16.15,11,2693.2,20900206,efbaded5c8bc99b8544e0fbe7bb0cad2616ba79090cadb31bb5f09bc6a1c6132,137,True
EUW1-7935012011.rofl,EUW1,7935012011,16.15.800.8073,16.15,11,952.1,7328203,6fa4698362223f90a47fe1cff9082c93f8266dd205e1a0a6114a0e08cf21ccb6,50,True
EUW1-7935047214.rofl,EUW1,7935047214,16.15.800.8073,16.15,11,1647.5,13110591,b28db8f060439e3822cf59e2eb1cf01757648a3af1d0b957cfabe5e172e9ad94,85,True
EUW1-7935051874.rofl,EUW1,7935051874,16.15.800.8073,16.15,11,988.6,7278991,90c2786a85eda1cdb233934f307994a5dce0da279e6621fee1692a0b36e69200,52,True
EUW1-7935058386.rofl,EUW1,7935058386,16.15.800.8073,16.15,11,2063.4,16380153,a94b9da95a6ddb47910819a612fc639e47eac132f53b3c4ac655276da9ab1038,106,True
EUW1-7935069838.rofl,EUW1,7935069838,16.15.800.8073,16.15,11,2126.5,19104211,3528c358f72674853bec920ee2da35121a71a8df784a9e4b1401127f533b7c04,109,True
EUW1-7935103121.rofl,EUW1,7935103121,16.15.800.8073,16.15,11,1993.8,15187551,78d8d1b02f03925866ccc6f206cef6e1566ae1cb7f8d4fd85f4722066e7ee460,103,True
EUW1-7935107041.rofl,EUW1,7935107041,16.15.800.8073,16.15,11,1212.9,10684413,7b1aee3528b3057109c2dd5bb61c1f63e67fe3a2c04740033b445f94c59b6274,64,True
EUW1-7935138765.rofl,EUW1,7935138765,16.15.800.8073,16.15,11,1132.1,8046254,b45c68040ee613842a580e0135fd0eb6ce81edfe199f7137da29ffb41a9bb296,59,True
EUW1-7935162218.rofl,EUW1,7935162218,16.15.800.8073,16.15,11,1985.5,15734307,d23639c06288d9a993bfdabb73cfee4fc7348b764759ec21b152d9fa982c7784,103,True
EUW1-7935164949.rofl,EUW1,7935164949,16.15.800.8073,16.15,11,1968.1,15971728,6d4b80821275ddccaa6de8fc3dbe262269db3895d69ddcbced210723381a28a4,101,True
EUW1-7935173593.rofl,EUW1,7935173593,16.15.800.8073,16.15,11,3020.5,24640172,83032e4abcbbbf79ed4d79d3aa536e72212059cd71ab49ea3ec92fd74358f174,154,True
EUW1-7935181631.rofl,EUW1,7935181631,16.15.800.8073,16.15,11,2251.6,17643581,0c66e76d48005776e2a481641355ccea35c93d2d3fc1753db281a474ff4dd9f9,116,True
EUW1-7935184381.rofl,EUW1,7935184381,16.15.800.8073,16.15,11,1665.4,13741898,f00ea50198c17d401a760e5dde29f2f8c74be94166c3cd15308d4a79fb9a9c0c,86,True
EUW1-7935201326.rofl,EUW1,7935201326,16.15.800.8073,16.15,11,1867.7,14921922,f9b89b4ae92e358ca9538179f0d3d8bc04e2424e13c50111e1e5b36b00891c18,97,True
EUW1-7935206027.rofl,EUW1,7935206027,16.15.800.8073,16.15,11,1857.8,15154693,41075675e91eec64e1aa5eaf7cb06c28a05b0f78a8802d64f206971dc20be6ee,95,True
EUW1-7935222798.rofl,EUW1,7935222798,16.15.800.8073,16.15,11,2767.4,21652864,c12997638f50213dd9885d9d6d4eb7f8e6fa953bbc156dd82b2d59ccdd3e985e,142,True
EUW1-7935248956.rofl,EUW1,7935248956,16.15.800.8073,16.15,11,1411.2,11630610,485d2509b4ff1856634919e5b999e96ee897d1ea84cb6da7b8e0dfd506d29605,74,True
EUW1-7935252669.rofl,EUW1,7935252669,16.15.800.8073,16.15,11,1100.0,8418659,d321eb89204a15d68311dfc49c1f596fa16f738d66e9c689132846e1648ebfa6,58,True
EUW1-7935261952.rofl,EUW1,7935261952,16.15.800.8073,16.15,11,1601.1,12074594,93bcc938208043b39b6d3339d52d94c5375aeae26be12e032a4c7c04a2144b1d,83,True
EUW1-7935264756.rofl,EUW1,7935264756,16.15.800.8073,16.15,11,2389.1,18446903,c250d38638729793f497389592ec5d2ea7c6c6cbf3f1cd272f65e0d10ba3c74e,122,True
EUW1-7935281881.rofl,EUW1,7935281881,16.15.800.8073,16.15,11,1758.6,14511057,efbe646ea8c9c3fc41b52b01a6f48faf416d95003fffc4d081cb9619bf6e446f,91,True
EUW1-7935297848.rofl,EUW1,7935297848,16.15.800.8073,16.15,11,1498.0,11325260,21a74448cf9c35106724e901e514ee7fd4298e7e988a67d1b0ff6e329851a0e2,77,True
EUW1-7935394428.rofl,EUW1,7935394428,16.15.801.3452,16.15,11,921.5,7988558,06f92212a1f2307ae88464c407c9260b19e8fffb658c014e9ba27b200579c106,49,True
EUW1-7935510481.rofl,EUW1,7935510481,16.15.801.3452,16.15,11,1034.7,9133707,81ea08fa3142940dbaf1683007be3fc9e6680a5c0b24b32e152a984c674b0c77,55,True
EUW1-7935573795.rofl,EUW1,7935573795,16.15.801.3452,16.15,11,1380.0,11351012,a605038e022a2a087f45480d718dcacdbc92dee6534a4a0f54cc4d3473745280,71,True
EUW1-7935606512.rofl,EUW1,7935606512,16.15.801.3452,16.15,11,1974.0,15519596,628a1391ae9f47eb93ab3c96f931b115fd6af73c807c1c66893c44b2d0ef62cf,101,True
EUW1-7935633051.rofl,EUW1,7935633051,16.15.801.3452,16.15,11,2111.4,16771970,1613048a6c1da7ed8aade1bbd909d93211b51d39e04a156535863c311af36bfb,109,True
EUW1-7935633563.rofl,EUW1,7935633563,16.15.801.3452,16.15,11,1267.4,9948667,73a5702d5b8af3da1b93eb72889803d7a5e4e8dc40079af672117075a03610c9,67,True
EUW1-7935666510.rofl,EUW1,7935666510,16.15.801.3452,16.15,11,1319.5,10195153,72210cb2dbabf96b48178d76970e90f98687a1f778e4b9777fc42ca09bbd9c0f,68,True
EUW1-7935670263.rofl,EUW1,7935670263,16.15.801.3452,16.15,11,1229.7,9196894,00873b774744233bed0c435bfd257b0721d67e7cb690d1ac6c384a4eec34fda6,64,True
EUW1-7935688361.rofl,EUW1,7935688361,16.15.801.3452,16.15,11,2328.8,18941865,e0cd58fc10217d56d6b07eaf7a9bc988e0eef9cfcf5bc7f52777bfcef3bf3f2d,119,True
EUW1-7935713260.rofl,EUW1,7935713260,16.15.801.3452,16.15,11,1486.7,12384068,783d93eaf6f9645244257cd335a5a8764f54d07af956e20cb6b85e4c961f16d8,77,True
EUW1-7935715960.rofl,EUW1,7935715960,16.15.801.3452,16.15,11,1773.1,13324653,1837cf90d32642dd2db7080f17536c29a03f0fbad4dbd99de04eda465b04715d,92,True
EUW1-7935720650.rofl,EUW1,7935720650,16.15.801.3452,16.15,11,1617.5,11820784,1675f2db004bd6b5c44efa465ae673cc40e926ce93be0fed8a7e9e5a67db41cf,83,True
EUW1-7935736301.rofl,EUW1,7935736301,16.15.801.3452,16.15,11,2063.3,18388598,40627ba3ddd83e35bf429aa05a27e89dd59daa4c0462afbd23dbc8ca6a38d174,106,True
EUW1-7935746963.rofl,EUW1,7935746963,16.15.801.3452,16.15,11,2075.1,17839810,9587781d3a086313ab56cacf68e020ef0742599f700988eca65c2ef327d0b84f,107,True
EUW1-7935762499.rofl,EUW1,7935762499,16.15.801.3452,16.15,11,1796.4,14003135,eff510f9cd432dd4d7c402be8e92842abd45435adf3a956b774f65cd063ccfb3,92,True
EUW1-7935799497.rofl,EUW1,7935799497,16.15.801.3452,16.15,11,2567.4,20710313,c5d92e65443d8056ae58c36eeea812448bac42a59009aa8f375541f0089ce2b0,131,True
EUW1-7935806707.rofl,EUW1,7935806707,16.15.801.3452,16.15,11,1618.9,14023619,d20674d4a9cbc91477736283624fbbb2f14d0be97a342b543fb4a499045d6cfc,83,True
EUW1-7935818335.rofl,EUW1,7935818335,16.15.801.3452,16.15,11,2466.3,21253649,667af2acafa88592d456770411df87a5c4da111edc8a5792674a266fa4457664,127,True
EUW1-7935830369.rofl,EUW1,7935830369,16.15.801.3452,16.15,11,1563.8,12630803,314085d54d84312d2dd8613ed1322c99270e016a92ca37b94624825dcbf0dcfc,82,True
EUW1-7935876913.rofl,EUW1,7935876913,16.15.801.3452,16.15,11,875.9,6860860,4e70ad2ee5e7227ad95ae06a29076e56373a5b23288f5b494132743cc4ff0757,47,True
EUW1-7936140062.rofl,EUW1,7936140062,16.15.801.3452,16.15,11,2146.9,17833136,96ad7a5ad60023265be4a57193aaa989dc7d511bfd86945c274e93d5ca5fa6ff,110,True
EUW1-7936167991.rofl,EUW1,7936167991,16.15.801.3452,16.15,11,1397.5,11686976,2e07f4cacec402f4f4418c0617a8d844eb2314df3f4db3bbcf82f219fe2e6430,73,True
EUW1-7936207050.rofl,EUW1,7936207050,16.15.801.3452,16.15,11,1780.3,14249556,25076fdd7588ad444259b13ce49394d6fa62fc5b61a36e51b877b97f369f8d72,92,True
EUW1-7936252064.rofl,EUW1,7936252064,16.15.801.3452,16.15,11,1759.2,13777768,3a7bcecbc10b4abcfe8832d55ef026ff7a5dd9e1c1f22de0e3d92bfba97c47dd,91,True
EUW1-7936266590.rofl,EUW1,7936266590,16.15.801.3452,16.15,11,1392.9,11042729,8784a5b3a3f458347d08c587724ce77bbfdb4bb32f59f239a87958d0681f137c,73,True
EUW1-7936276093.rofl,EUW1,7936276093,16.15.801.3452,16.15,11,1743.5,13158273,df7662d9ac03bb23a0aaa0ace8810b808225e86d36b77e82139e07714d551967,91,True
EUW1-7936283223.rofl,EUW1,7936283223,16.15.801.3452,16.15,11,1532.3,12138374,ac3c4ab9b68c93e72be1cb4bc03adfe3badf5d1aa4a9ee5673a848674052a0b6,80,True
EUW1-7936296701.rofl,EUW1,7936296701,16.15.801.3452,16.15,11,1673.5,12668230,16f03636cd6180580dc7f0bb90ab7075c0567efc354f6159a446e9c4e98f50f5,86,True
EUW1-7936327528.rofl,EUW1,7936327528,16.15.801.3452,16.15,11,1544.8,12109373,f0546854b385953daa8088a171d8911c8a36b6d89608642bdfa2cb9bbe1255a1,80,True
EUW1-7936331877.rofl,EUW1,7936331877,16.15.801.3452,16.15,11,944.0,6929773,d12b370ac3962a5e77d131368f20f0608e0555e440d31a12a9d3937d3bf70e21,50,True
EUW1-7936337353.rofl,EUW1,7936337353,16.15.801.3452,16.15,11,1596.8,12309992,82a8e36686c2dfec2089ac55de12dbafbd1196f2aa14ed0ddc746a24594b59c2,83,True
EUW1-7936341003.rofl,EUW1,7936341003,16.15.801.3452,16.15,11,2113.6,16958618,56dd46030a4ac512e28ffde1788d1fc767b716b773cc27e175df2d5ef44eb2ca,109,True
EUW1-7936343853.rofl,EUW1,7936343853,16.15.801.3452,16.15,11,976.9,7558309,598ce25603c3f9316c5729321b06f2bcc9254c008e7cb9f358831530b2307226,52,True
EUW1-7936351396.rofl,EUW1,7936351396,16.15.801.3452,16.15,11,937.6,7958027,293f1aa0975d5f1a8effe00596d9aca87dcb31927117af1f3d704bec091f1598,50,True
EUW1-7936354876.rofl,EUW1,7936354876,16.15.801.3452,16.15,11,2071.6,16016895,dc707b2fd0674082b72c1d2da78e0777357c2d83e7cadfc8e0b28b270cb8e45d,107,True
EUW1-7936358152.rofl,EUW1,7936358152,16.15.801.3452,16.15,11,1854.2,14111121,04b9e6d725f408760749a459a14f5791e6a53a1fa41d97147ea806700bce5112,95,True
EUW1-7936366601.rofl,EUW1,7936366601,16.15.801.3452,16.15,11,1240.5,9755522,452638fc33ce8a12b5d39162d977425102ee6ae6553cd03ea89f320c8c6fcbff,65,True
EUW1-7936367017.rofl,EUW1,7936367017,16.15.801.3452,16.15,11,1582.4,13953399,45ef94b68d99587d21642670f52871a7e9dd58a9cdd3611fac79b94fd87ef20f,82,True
EUW1-7936368247.rofl,EUW1,7936368247,16.15.801.3452,16.15,11,2325.4,17520949,77f369c1cda3d0258174aac7bcaa6bb0698a230060e641369b60f93c4ae20e68,119,True
EUW1-7936369983.rofl,EUW1,7936369983,16.15.801.3452,16.15,11,1257.3,10193598,1421780f1a04c0c5411782738934cfdf9377e4e89b96a2adfb4cc2300a0ec071,65,True
EUW1-7936377096.rofl,EUW1,7936377096,16.15.801.3452,16.15,11,2454.6,18466427,707b92c015deb4b58472c37fff1ceaf4def35506397687d8d606737e974243cb,125,True
EUW1-7936380450.rofl,EUW1,7936380450,16.15.801.3452,16.15,11,2653.2,20059108,6bf48ba6a8fb358f6f4cfc84bd92f34a4ab02db3012c8176ddff13cd3079fa96,136,True
EUW1-7936399026.rofl,EUW1,7936399026,16.15.801.3452,16.15,11,2246.2,17250740,780ae60a589ca84d3c8f99341b7a41de0f3458f8b1fd9bf4965f546cc393c0bf,115,True
EUW1-7936402479.rofl,EUW1,7936402479,16.15.801.3452,16.15,11,912.2,7056242,7b7251b38c94743e5013a31606577fd83bacad7a73204f7d809d2d205c2092e8,49,True
EUW1-7936412837.rofl,EUW1,7936412837,16.15.801.3452,16.15,11,1646.0,12777990,11426321062be1b00c7f6bf1ff2408f1b8c90dfd120c7dbbfc6e1543851b64e8,85,True
EUW1-7936498069.rofl,EUW1,7936498069,16.15.801.3452,16.15,11,1746.2,15085712,29498f13c9754bccaf98a0cb6adc4d8eda6f40ebf36229d230290e77a8d82d25,91,True
EUW1-7936538591.rofl,EUW1,7936538591,16.15.801.3452,16.15,11,2075.7,15859809,d4be5041811b19d98a6c230f121c577a6dc02a15a15eb4540dfbab3e5d2d9529,107,True
EUW1-7936559229.rofl,EUW1,7936559229,16.15.801.3452,16.15,11,2078.6,15363412,7d0152f46c2d73536bd413b26dcc0b2c46c33ad0a6fd0713cd3dd78ecb24ee36,107,True
EUW1-7936661110.rofl,EUW1,7936661110,16.15.801.3452,16.15,11,2073.1,16197576,5fc8e66ec04926e4781c2731d0dec64c736eeca9719ff7217ee940e6b450b917,107,True
EUW1-7936683832.rofl,EUW1,7936683832,16.15.801.3452,16.15,11,1423.8,11218950,8ccdd3c1a5ac200fa5f4a808138b12aa24af080007d55d63466d4efbc33af070,74,True
EUW1-7936700310.rofl,EUW1,7936700310,16.15.801.3452,16.15,11,1610.8,12740418,b0643059e1e5e0e88afc520428619144f654579595dac602b878087fe92c949f,83,True
EUW1-7936704334.rofl,EUW1,7936704334,16.15.801.3452,16.15,11,794.9,5470517,906ee161fbad340367d750657fd3dc31a21b08138614fd59f9b894887eb2446a,43,True
EUW1-7936756474.rofl,EUW1,7936756474,16.15.801.3452,16.15,11,1827.3,14864109,b89cdbea29d9b5cb8f14f0129078dccb766c9c9fd227712d32c2944f9b623658,94,True
EUW1-7936786923.rofl,EUW1,7936786923,16.15.801.3452,16.15,11,1065.4,8367842,388509a7e168fb943cdcc880168a2d63251dc9d06571c56716fbdb8ca67f75aa,56,True
EUW1-7936811001.rofl,EUW1,7936811001,16.15.801.3452,16.15,11,811.2,6151877,1944c4f8660f2d0f00593fe5296d5cb37e67964476fd76e4f49439ce64f82d12,44,True
EUW1-7936842480.rofl,EUW1,7936842480,16.15.801.3452,16.15,11,1823.8,14518825,5a01779d3904d7a4ee349b485c008fb1b3f44e5827cd4d75d0d200b5832e885b,94,True
EUW1-7936868097.rofl,EUW1,7936868097,16.15.801.3452,16.15,11,1461.1,13080504,91a72c51575e137d053807666508e21d27f35241b13c7f4aadc159f466c72e96,76,True
EUW1-7936883657.rofl,EUW1,7936883657,16.15.801.3452,16.15,11,924.4,7342091,90ccf352b15eaf415df8d2072601019dcdb1e826b755fc019a2d2d3a8f0828f7,49,True
EUW1-7936969954.rofl,EUW1,7936969954,16.15.801.3452,16.15,11,1562.0,12521567,90f0a0b19a2e328b4be0522ce8f4212b92f4cb7395fd895f76dda91fe7a912cc,82,True
EUW1-7937024507.rofl,EUW1,7937024507,16.15.801.3452,16.15,11,2191.6,18452698,7cd229d7adbcf5a97652aca82d6f19faac86d491b964b2da3c925053832e476d,113,True
EUW1-7937070608.rofl,EUW1,7937070608,16.15.801.3452,16.15,11,1814.5,14591406,c7b206341aaad0b8bed1277d4007647c3e384bd587eff151d5dc9feaa86661b9,94,True
EUW1-7937090128.rofl,EUW1,7937090128,16.15.801.3452,16.15,11,1478.3,12821748,aafaaf01f1093293d9bdcd5dbe6e63f2a1ffa950710aeaa157196ada27151564,77,True
EUW1-7937127420.rofl,EUW1,7937127420,16.15.801.3452,16.15,11,1589.5,12701762,9c3725a3d5f384ce9c8c1d16c4e7eab3618ae9224ed20e6b6d234efc28d5c444,82,True
EUW1-7937129985.rofl,EUW1,7937129985,16.15.801.3452,16.15,11,2361.2,19442075,8e6b86445897a88f49c81d1faac4d2108694f8267b87e81f0aa12ea2819f7dcb,121,True
EUW1-7937188255.rofl,EUW1,7937188255,16.15.801.3452,16.15,11,1198.8,9500680,ee42bdcffc42cbff62da7fdcea01be87e04435e92cd0c01be75702027382862c,62,True
EUW1-7937190086.rofl,EUW1,7937190086,16.15.801.3452,16.15,11,1963.9,15371775,5a4cf53960efe5b92537ed3f01fd409ba8438ba51c8ef81396317097fd78b869,101,True
EUW1-7937190632.rofl,EUW1,7937190632,16.15.801.3452,16.15,11,1906.3,19391554,af260efe08f41db28f402cc141d671f2ec996b52473b98089556058b8ddb5c0e,98,True
EUW1-7937239085.rofl,EUW1,7937239085,16.15.801.3452,16.15,11,1867.0,15591408,e5b3523b2913585de2ad2dd657a13f0bdef81a86182a9728ba430a91dbe7b392,97,True
EUW1-7937249813.rofl,EUW1,7937249813,16.15.801.3452,16.15,11,2084.1,17494792,88360aaa0af21ac5c47383312dfb95ca642b8f23ac1496547760d634df2738c1,107,True
EUW1-7937265467.rofl,EUW1,7937265467,16.15.801.3452,16.15,11,736.4,5361179,05448fb3c833273f6a0f9184c63d79a94106c8174f1b0b55ddb6ae0235d5caf5,40,True
EUW1-7937269411.rofl,EUW1,7937269411,16.15.801.3452,16.15,11,997.9,7876169,168a2d5a2c1f0440120e228c048c89c0939a1736d933d1411f7659001d7b4c74,53,True
EUW1-7937297280.rofl,EUW1,7937297280,16.15.801.3452,16.15,11,1684.4,13124094,1976fec0d8387f2e6c29ba26d3abd35ec14d2b35dbc284683bc84420c1703683,88,True
EUW1-7937302916.rofl,EUW1,7937302916,16.15.801.3452,16.15,11,1153.5,8808412,c622be6923b499ecb9d90fff92cd6a0bc011bbaa516fea19ae546292e6d51373,61,True
EUW1-7937309170.rofl,EUW1,7937309170,16.15.801.3452,16.15,11,1068.0,8499330,ac76e03856d501d5ca48fa6f4994d3a867c7c2028e6c4c6302bdd8f0fd1e278e,56,True
EUW1-7937314806.rofl,EUW1,7937314806,16.15.801.3452,16.15,11,1617.5,12998186,98ae44c3e3cd9e5da30c0dc81109f040b15445d91e29fc3d98713ab14dbb8dfb,83,True
EUW1-7937340123.rofl,EUW1,7937340123,16.15.801.3452,16.15,11,2487.6,21110138,900fae291891430f82650850bc549a3bd26a7fae1053cd5a7997df4138f329f1,127,True
EUW1-7937344992.rofl,EUW1,7937344992,16.15.801.3452,16.15,11,2804.0,23411306,700360a217e50b98bc2f5981150c644f836770228befa2f3501adc32eafc6800,143,True
EUW1-7937369486.rofl,EUW1,7937369486,16.15.801.3452,16.15,11,2196.3,18121113,8c8fe166871adc64d5d8cc91eaf4eff959edccf07992b436b898ea915672b5b5,113,True
EUW1-7937370755.rofl,EUW1,7937370755,16.15.801.3452,16.15,11,2127.7,16596960,dccffaa5ef0d7525cd59d297a1e6a810a9cdbc5a85a4e2b35d0f04b64c4248a7,109,True
EUW1-7937392246.rofl,EUW1,7937392246,16.15.801.3452,16.15,11,1768.9,14236978,05659d4f0884871e3ec09715545ef9d5c2fd8bc11383777552b6f597f00280e5,91,True
EUW1-7937424808.rofl,EUW1,7937424808,16.15.801.3452,16.15,11,478.4,3624563,afb4728c79038627d7d91cf8e808262988b63e8f2721764f48b99a62acdb5140,26,True
EUW1-7937430599.rofl,EUW1,7937430599,16.15.801.3452,16.15,11,1617.8,11880394,50084f4931131fbe2697ad3e390f4f66baa5776422a3adc2b9c61184d35b89f5,83,True
EUW1-7937436086.rofl,EUW1,7937436086,16.15.801.3452,16.15,11,1764.2,14575653,2f9d8a16f718553d91e7eca22af8b477ce668dfd45ab50a89b14d29d23d1d7a5,91,True
EUW1-7937442938.rofl,EUW1,7937442938,16.15.801.3452,16.15,11,1768.8,14409171,dba752b78d27f4fac85fd88c913ae7bbcbb07df408f1a3a7cad561fbda3f341f,91,True
EUW1-7937648642.rofl,EUW1,7937648642,16.15.801.3452,16.15,11,2069.2,18410214,a754fc1cf0c78bf03e86e8a0b8c6eb0e307ebdfbb05f9739f86c72c3b72249fa,106,True
EUW1-7937684749.rofl,EUW1,7937684749,16.15.801.3452,16.15,11,1509.4,11372704,3306a608dd6cf21e0bed85a52205a0aedc97a8b44cd2a8d9bdeab9454efadd90,79,True
EUW1-7937700384.rofl,EUW1,7937700384,16.15.801.3452,16.15,11,1680.4,12589754,cc54e264919a63ad0a1cd38dab4e51e40fb716b691e9b2c92e082d4fceda1292,86,True
EUW1-7937715713.rofl,EUW1,7937715713,16.15.801.3452,16.15,11,1679.2,13799109,d1371a2af0683c8c2915d42dbc97449e031a7bdc930bed64aec47bd4d4c5a1aa,86,True
EUW1-7937722209.rofl,EUW1,7937722209,16.15.801.3452,16.15,11,2287.8,19455019,9448309e5a5d87388f4125fe27296f991bec72e857bf3114308229a815602fc7,118,True
EUW1-7937736470.rofl,EUW1,7937736470,16.15.801.3452,16.15,11,1895.0,13667757,5187f635ea164c0085034a3b4e3d20828e5196e083aae7e27df2b752055a8cf5,98,True
EUW1-7937755867.rofl,EUW1,7937755867,16.15.801.3452,16.15,11,1383.3,11440510,bc0b85ab278d768567190325645071e9e1b3f52d63a1bc1a29cece5b039a6f4b,73,True
EUW1-7937781715.rofl,EUW1,7937781715,16.15.801.3452,16.15,11,1696.1,13092369,0546ea6219a6006fbb3c7f32081152d67b4f3dba863487c0b76b55b2bddbf14e,88,True
EUW1-7937791301.rofl,EUW1,7937791301,16.15.801.3452,16.15,11,1804.0,13817934,fcdd5af6bc9031ca5fbe153e0b6d5bc618b173a2d1011cea870e349cda6c61e5,94,True
EUW1-7937815813.rofl,EUW1,7937815813,16.15.801.3452,16.15,11,1547.5,12538674,0f629732dfee903b9474bde37f2dfd322d4fdd4ebfa6efe225015a6319227acd,80,True
EUW1-7937826119.rofl,EUW1,7937826119,16.15.801.3452,16.15,11,1911.2,15226457,6ae73607120cf6db465dced1b1255289fc0fe910fe7d0dda42392de813ff8329,98,True
EUW1-7937846418.rofl,EUW1,7937846418,16.15.801.3452,16.15,11,1905.4,15620388,ba75f7e0c3fe69f91806235b3c742287c40f7d09a272c8391a3a25e73b31592e,98,True
EUW1-7937855367.rofl,EUW1,7937855367,16.15.801.3452,16.15,11,763.2,5514680,3d58e6ff48e2352c9648739bd6d84af076073337f57e49a08dc2855403ea69ad,41,True
EUW1-7937870150.rofl,EUW1,7937870150,16.15.801.3452,16.15,11,2047.6,14681837,b3913836aa0f572861b8435123d133f2172b88f6c619d8aa4a579fad5f270165,106,True
EUW1-7937901827.rofl,EUW1,7937901827,16.15.801.3452,16.15,11,2050.9,15269287,5ab801fa178fbd62ba33c35b390029d40b95f7d5d3729cddc2e4a7fb16686ff3,106,True
EUW1-7937913524.rofl,EUW1,7937913524,16.15.801.3452,16.15,11,2519.6,22603842,25029cf0c4b9f7c05a062aa44f16f8f9cc31c333762c6c278eca9f125f0148c8,128,True
EUW1-7937924962.rofl,EUW1,7937924962,16.15.801.3452,16.15,11,1673.3,14116127,2e1bb1eac3bd215c666cab57435a2e7f90af0701c2e8bc35bd97439f103b1375,86,True
EUW1-7937938597.rofl,EUW1,7937938597,16.15.801.3452,16.15,11,1663.2,13504163,fe47f65883a6ea80b7a6fc09fa3232cc75d3cd54b980519656c138906afe902f,86,True
EUW1-7937980396.rofl,EUW1,7937980396,16.15.801.3452,16.15,11,1730.1,14197289,71303e32a3ece5e8564c753b58b442754bc0c2bb76255c1ebb419d427289b449,89,True
EUW1-7938014780.rofl,EUW1,7938014780,16.15.801.3452,16.15,11,1147.8,8894435,872fdaf5dd9a33720bce060622d50f03f4db00af388f4211bb9d774912d2ee9b,61,True
EUW1-7938030709.rofl,EUW1,7938030709,16.15.801.3452,16.15,11,1954.3,15761375,042ba41ff8202f1ffe46d3f3320cbcadd65dc8a7400addce1eb1f4a06b6d8181,101,True
EUW1-7938031240.rofl,EUW1,7938031240,16.15.801.3452,16.15,11,1247.8,11201350,cdf8fc04259baa95eb1c27269dfe1ef57e533973436121ce54a9c2905fd07378,65,True
EUW1-7938070718.rofl,EUW1,7938070718,16.15.801.3452,16.15,11,1610.5,13488306,d5cddf4df04db08709c2dd4f4bec3bc980ec82a5fe7b48b970f97829aa7ad655,83,True
EUW1-7938090800.rofl,EUW1,7938090800,16.15.801.3452,16.15,11,1640.9,13552321,c7697005ca611af102a6086271eee5a8200e796739be4f99a95c7a9e787dc522,85,True
EUW1-7938097046.rofl,EUW1,7938097046,16.15.801.3452,16.15,11,2052.6,15780457,6d77d601cce565816e01bc4cbb92e70bff3be18dee07f49535836e0e947e69e5,106,True
EUW1-7938150323.rofl,EUW1,7938150323,16.15.801.3452,16.15,11,1388.8,10481606,b9b834bc1f4868bc33d80725951fca936eb75f1a2af4a4046c6da7ebe0950454,73,True
EUW1-7938158671.rofl,EUW1,7938158671,16.15.801.3452,16.15,11,1439.5,10946637,44ddbe27d347cf13a380663c23a450dcf74a96fe0d100d698f5977c33eeb103b,74,True
EUW1-7938195729.rofl,EUW1,7938195729,16.15.801.3452,16.15,11,1972.3,16024657,9e8a3bec248d560ffddc88557536633d566fcee75d26e97820890a7658e2f917,101,True
EUW1-7938209456.rofl,EUW1,7938209456,16.15.801.3452,16.15,11,2544.9,20551719,7305a7433693631539e6c539fe64bddabc38d0a8e84f5e69ba0b5cb4ded5f5e4,130,True
EUW1-7938247205.rofl,EUW1,7938247205,16.15.801.3452,16.15,11,1031.3,7757784,741620f4a827121d0f77e4ac99d87335e6d7ac51f8c3497fc28b42321cacbdae,55,True
EUW1-7938274470.rofl,EUW1,7938274470,16.15.801.3452,16.15,11,1797.0,13211160,4caf5f7433066291fb9c62db5dfbedcb1d8ef3eb6e0967c460ea9bea6c8cd4d4,92,True
EUW1-7938320055.rofl,EUW1,7938320055,16.15.801.3452,16.15,11,1087.6,7775353,d3bb53d78640f5b86c7bd28195faea8b290b2913ac44f6a946fa92ba34644efb,58,True
EUW1-7938354302.rofl,EUW1,7938354302,16.15.801.3452,16.15,11,1569.3,11942922,7483c4b717907728f35cfa07ff99761a97dd8ebc8e1dd580932a00572cf122f5,82,True
EUW1-7938354542.rofl,EUW1,7938354542,16.15.801.3452,16.15,11,1151.2,8944836,73d87502c2b6c6d514226695230ef5bea24db98d865f191eee55d98f03352cd1,61,True
EUW1-7938363819.rofl,EUW1,7938363819,16.15.801.3452,16.15,11,1391.7,10966254,9514c828f092a6b14ed59c4acdb4b934b6f67a4662af5a3ad89a0b6b5112baa9,73,True
EUW1-7938363825.rofl,EUW1,7938363825,16.15.801.3452,16.15,11,1536.4,12178633,65658f0b988b4819211d5b774a1c46d9b7f3827dc831588031e2db6f428bed90,80,True
EUW1-7938386815.rofl,EUW1,7938386815,16.15.801.3452,16.15,11,1869.6,15078188,97056eefc55302903244da0e029d32830445f1cec7d1e8fbcb1f2ae5d0d803f9,97,True
EUW1-7938395867.rofl,EUW1,7938395867,16.15.801.3452,16.15,11,1683.0,13311624,1038d771097790f55102e24ed6e079cc97aa8f89d05e15a869e0af13d1d78ef9,88,True
EUW1-7938397395.rofl,EUW1,7938397395,16.15.801.3452,16.15,11,1329.4,10030149,c74b7c235ea266de995b98a36a723baec23042de52ef55ecc2992f7f78d29135,70,True
EUW1-7938400294.rofl,EUW1,7938400294,16.15.801.3452,16.15,11,2096.3,15714419,e53846ed6e9465cffe50e9f416375d0f789a9be0175ebf3a6f06695671870f7f,107,True
EUW1-7938406713.rofl,EUW1,7938406713,16.15.801.3452,16.15,11,1701.2,14706023,310cce629e28a0eaa1614dc5d84c50f9b778dfda2248fd5101c128d4723f59ff,88,True
EUW1-7938407871.rofl,EUW1,7938407871,16.15.801.3452,16.15,11,969.2,7607634,9575998b7a2ff2fe3539d5b12e233061421762ee000083234fdbf9144959cc97,52,True
EUW1-7938425283.rofl,EUW1,7938425283,16.15.801.3452,16.15,11,896.2,6674702,01d5a7312e553a79ce4a8987a12db2a386edc5ff1ec2acc4c5bd535f6d0dd44e,47,True
EUW1-7938428995.rofl,EUW1,7938428995,16.15.801.3452,16.15,11,1360.7,11750790,a32d67bcf33600a2b214ffd3c421002d69ab5e570706dfbb101731ce637c82fb,71,True
EUW1-7938439058.rofl,EUW1,7938439058,16.15.801.3452,16.15,11,945.8,7497049,f8f5ca70246588aaf653bbd0a1cfa2852c22351a126076fce0f9065f291ed5f3,50,True
EUW1-7938444446.rofl,EUW1,7938444446,16.15.801.3452,16.15,11,1134.8,9829126,ea1d0055b3bcf232acd5c816228012295e448bfde143a268aa81a28ab027bbf4,59,True
EUW1-7938444735.rofl,EUW1,7938444735,16.15.801.3452,16.15,11,1234.4,9313844,5062a723fffee8318f552403c967964b51820e4c91c572b75d158c0df67c0194,65,True
EUW1-7938452629.rofl,EUW1,7938452629,16.15.801.3452,16.15,11,916.3,7490208,9ac468708f072690ccadb6af87179634d1623278c15710b56ec26151a382d992,49,True
EUW1-7938458205.rofl,EUW1,7938458205,16.15.801.3452,16.15,11,1409.9,11002400,63b12d64a5026f565a16f941fe2f835b7351a029994fffb471973a119cd3187c,73,True
EUW1-7938481852.rofl,EUW1,7938481852,16.15.801.3452,16.15,11,1484.9,11932727,2303b7d290a44b4693c5906e719f71d205b5dc5908345ac0b06804838cc842c9,77,True
EUW1-7938482747.rofl,EUW1,7938482747,16.15.801.3452,16.15,11,1547.9,12260365,35a689d792a6a0ae2b7ff31236ac14abffda27fad3b064d4da28de83e2fe3e1e,80,True
EUW1-7938483942.rofl,EUW1,7938483942,16.15.801.3452,16.15,11,2246.6,17106697,b64bff6e9b8d77744c45c76f66fa0ba334b32cffdb0472f85d37f82f993ef62a,115,True
EUW1-7938507088.rofl,EUW1,7938507088,16.15.801.3452,16.15,11,1974.0,17211696,b7749a7773d01c195e32fa0f81fbbb6bbbb1c83e8610aa69ea093958eb2845c8,101,True
EUW1-7938508311.rofl,EUW1,7938508311,16.15.801.3452,16.15,11,1834.0,14473989,51cfa654e9c9a32a0733ef732897b1ab618040175ca4ba011aa81021ba642ece,95,True
EUW1-7938512936.rofl,EUW1,7938512936,16.15.801.3452,16.15,11,852.3,7422513,07d5cafdf6d8f86091811f6bc7ef4c185f5c0384c1f7b694be40f6c4a7b1aaa0,46,True
EUW1-7938526255.rofl,EUW1,7938526255,16.15.801.3452,16.15,11,1119.9,9443630,2691923b4989ca9919ae341b3bde8189e263d55a0ee6a94b4c3ce881adcbd73b,59,True
EUW1-7938529642.rofl,EUW1,7938529642,16.15.801.3452,16.15,11,1405.8,10980501,4e261944317a179d9b387b273bbfdfffe7cc7993d03493a071b6ddfeaa237c43,73,True
EUW1-7938545243.rofl,EUW1,7938545243,16.15.801.3452,16.15,11,1464.4,12401540,ec2718576976fd39c43ea4634f7f6f4be4442d5eb457ab512bd0dcd7693fcc69,76,True
EUW1-7938549978.rofl,EUW1,7938549978,16.15.801.3452,16.15,11,1792.6,14863386,e007c5b9a1090a5c576b1ab60042cf5984078136681ad22c87b32234b32884ed,92,True
EUW1-7938550952.rofl,EUW1,7938550952,16.15.801.3452,16.15,11,1974.3,15184679,a49519e92ae0318d0135fde267045690f4a260ecfa71c444818e62f47d275def,101,True
EUW1-7938557671.rofl,EUW1,7938557671,16.15.801.3452,16.15,11,1270.3,10228494,fe1e10067ed13eccbd228c5d2f5351846361fb01a3aebee296ed07621883c745,67,True
EUW1-7938568187.rofl,EUW1,7938568187,16.15.801.3452,16.15,11,1060.8,8581949,a87ec7cb96071519dfd11d4f77395429d07246c58692c654c9a45a36addbe7de,56,True
EUW1-7938571436.rofl,EUW1,7938571436,16.15.801.3452,16.15,11,1689.9,13119834,41563046adeeb218a3d1e21f1ea89b4ce4d49d90d0248ef643bbcb0db8f3bfe3,88,True
EUW1-7938578612.rofl,EUW1,7938578612,16.15.801.3452,16.15,11,1794.2,15125835,3ac21454b3465eacb70ea4dc41b60ffe67c71662c4fd1e091faa7f5333a7b41e,92,True
EUW1-7938581239.rofl,EUW1,7938581239,16.15.801.3452,16.15,11,910.5,6602482,667104552ef59bfd22361bff8f8f2ec507def3378a72215db610ff400f9c3f8e,49,True
EUW1-7938586642.rofl,EUW1,7938586642,16.15.801.3452,16.15,11,1536.5,13603873,e2f940c6200b07a357eb0bdc0f058ea39aad0890a21172e0da6ae1fb52cd0f8b,80,True
EUW1-7938594089.rofl,EUW1,7938594089,16.15.801.3452,16.15,11,1722.4,14930127,d2609435a8db6d9019f12b6af788017e408dc9abd674c5384ff37b55981b662e,89,True
EUW1-7938601739.rofl,EUW1,7938601739,16.15.801.3452,16.15,11,2549.3,21453192,7c5693eb20cab8fc4958f4e73c22193e41285cb1f1bd4288f1f3dff1e0b2ec2a,130,True
EUW1-7938606604.rofl,EUW1,7938606604,16.15.801.3452,16.15,11,3161.0,27820622,da362b9243d42bb691d00d442be69177072411d98228a2ee948aa4a49cb1f08f,161,True
EUW1-7938612140.rofl,EUW1,7938612140,16.15.801.3452,16.15,11,2021.9,18175891,f93620591c096f442fddfac107fe3e990302754334289e33456c2fbf8b8b462c,104,True
EUW1-7938620350.rofl,EUW1,7938620350,16.15.801.3452,16.15,11,1909.1,16726470,f138cd73022e36aa69aba5f07d891052da17d99c4dbc175bee1f9235e481be0d,98,True
EUW1-7938626872.rofl,EUW1,7938626872,16.15.801.3452,16.15,11,1561.7,12938073,8315ce6028eaca526e3fda447b99ff2ce9031285acf3602f96b6d36a7d020317,82,True
EUW1-7938641540.rofl,EUW1,7938641540,16.15.801.3452,16.15,11,2105.3,17415501,4d70610c06f99d633c228f49f2adf155610af071fdb7771ebefa79ec52cca270,109,True
EUW1-7938644749.rofl,EUW1,7938644749,16.15.801.3452,16.15,11,1632.9,13561205,54a860323924dfa62039665ec02375b5b3027afce9ea3403161bff568c26c203,85,True
EUW1-7938651139.rofl,EUW1,7938651139,16.15.801.3452,16.15,11,2230.3,19838217,a2f5f98e8133db5b0888d8065b757af873e4eb9fb6d2347e44f095fea7dceff1,115,True
EUW1-7938652503.rofl,EUW1,7938652503,16.15.801.3452,16.15,11,1693.3,15517424,4dc0013a0a79f7acd9dff3f0ee36aece752fd155187d714467c07f63e48c258d,88,True
EUW1-7938653656.rofl,EUW1,7938653656,16.15.801.3452,16.15,11,1371.3,11609099,5d3eddafe510366940e79f88bae9f772c9a22baa18ba0415a45a8d4fdbd7c4ea,71,True
EUW1-7938655627.rofl,EUW1,7938655627,16.15.801.3452,16.15,11,2062.5,16193189,d28d1b55efab0d72de9b454dbe2b875a4df769388880e124369ec8cfc015a2c2,106,True
EUW1-7938691935.rofl,EUW1,7938691935,16.15.801.3452,16.15,11,1671.3,13693940,89d38937b04716840c6daf0ba692974f31bed1b4ff022e0048e81f58cfbd34f6,86,True
EUW1-7938779892.rofl,EUW1,7938779892,16.15.801.3452,16.15,11,1744.4,13887889,9669347475d6fc8002e76982a955592528f5557005342a76282e321581109491,91,True
EUW1-7938787416.rofl,EUW1,7938787416,16.15.801.3452,16.15,11,1218.7,11124092,2bb33f0bf959228e5cb7712b669c166608e9289d69edba67710062b30af4ae0f,64,True
EUW1-7938792420.rofl,EUW1,7938792420,16.15.801.3452,16.15,11,1396.0,10785741,bef04df3f2e6e9156196dc2445dbd480851a768dc4333a30b5ac616054129c34,73,True
EUW1-7938811810.rofl,EUW1,7938811810,16.15.801.3452,16.15,11,1737.5,13674537,637ae84c749d16219d5abfd0489f8fe6a03cdab99483337325c854700cf9a5af,89,True
EUW1-7938827699.rofl,EUW1,7938827699,16.15.801.3452,16.15,11,2712.0,22106397,60b7c3fde1fdec4632dfa4200a825df5dbb4104b62999bd6da813bcb5820b5a8,139,True
EUW1-7938828409.rofl,EUW1,7938828409,16.15.801.3452,16.15,11,987.9,7745220,d7b36410bdce7754dda1f87b82ff49230389740c461996e96cd710e9ed4fb70c,52,True
EUW1-7938828686.rofl,EUW1,7938828686,16.15.801.3452,16.15,11,2106.4,18610518,21d18dab12e28817ebe0dad2a1fd8250343362dbfe9fa90fdfb715ad87969398,109,True
EUW1-7938857662.rofl,EUW1,7938857662,16.15.801.3452,16.15,11,861.7,6798667,774dd909d6337e1be805b18c88af6cf15ee0b3452ae6a08e10ab2d4155c84981,46,True
EUW1-7938861576.rofl,EUW1,7938861576,16.15.801.3452,16.15,11,2030.4,15489044,cfa20e411d5cf7330cecc12c4248d005455880c5390c5aab36eef21a4b50bf47,104,True
EUW1-7938888154.rofl,EUW1,7938888154,16.15.801.3452,16.15,11,1546.6,11867576,c3a4e22ac3fa43c965847ce96a6faca3880824d9895c0de2021bc3e49804662c,80,True
EUW1-7938925203.rofl,EUW1,7938925203,16.15.801.3452,16.15,11,1418.7,10535635,7b7682cdbfed7c44d75a152d414d0521a6877a179cfee1bb1c2417d48a1c0038,74,True
EUW1-7938951676.rofl,EUW1,7938951676,16.15.801.3452,16.15,11,2552.1,20733284,4dca42154e22a3a4ea958023cc30ed3896fb7de7d359cf9766faabd994b8b410,131,True
EUW1-7938957674.rofl,EUW1,7938957674,16.15.801.3452,16.15,11,2095.6,17967666,f1ce9459f1b4845c61d54d4e39a4e5fb58fada547dabf5af22c09526be7386d6,107,True
EUW1-7938959172.rofl,EUW1,7938959172,16.15.801.3452,16.15,11,1888.4,16381060,504bdfbeb29ff2e38b04394b5f18de9c7e1d72eecba011a0b9ab7bb611718c7b,97,True
EUW1-7938959831.rofl,EUW1,7938959831,16.15.801.3452,16.15,11,1493.0,12042037,d5b1dfcd6bee9afc1534130b8e9ec9d2aec1c34024f2567b72caf427cb763d09,77,True
EUW1-7938989395.rofl,EUW1,7938989395,16.15.801.3452,16.15,11,1949.5,15026321,fab3e1b95290104192ec220fca9723794f17071824960d90f661c2256afe7141,100,True
EUW1-7939022382.rofl,EUW1,7939022382,16.15.801.3452,16.15,11,1454.2,10913520,1bfd644180c3ac2e99bc6c15f9de99af43f19696cd5ec675f7e5024a8c115f42,76,True
EUW1-7939042753.rofl,EUW1,7939042753,16.15.801.3452,16.15,11,2396.8,19782694,be0e31abcf01078cbe82714e85692632b53ef3245711de7ca4abd1ff34e066a6,122,True
EUW1-7939084217.rofl,EUW1,7939084217,16.15.801.3452,16.15,11,1896.6,16025272,f90b9e9eac01bc769faa4eff7cb5479eb8d78496cb8c3c324e30c1b22011c4a5,98,True
EUW1-7939098584.rofl,EUW1,7939098584,16.15.801.3452,16.15,11,738.2,5220281,955803289f94c1d088bdfec57c5eb73f79f5fe8acef771af0360513f7fe819e1,40,True
EUW1-7939100450.rofl,EUW1,7939100450,16.15.801.3452,16.15,11,947.0,7153771,c53e6437d0c2703fc81071847cedd666f0b74e5be7e6132d31a74f111aa7fb60,50,True
EUW1-7939153120.rofl,EUW1,7939153120,16.15.801.3452,16.15,11,1623.0,14212410,e005e22d8272cc428914a85e95b1fa5dfdeab447a76bafc2bc3f1250f1b928c1,85,True
EUW1-7939187427.rofl,EUW1,7939187427,16.15.801.3452,16.15,11,1553.9,13844020,a23aa5bf662e7d4ef440f37f87b43ebd57c4b07c9a57c8874b377caefb0438b2,80,True
EUW1-7939196801.rofl,EUW1,7939196801,16.15.801.3452,16.15,11,1059.5,8789972,9f8dd0781b448432e487f2f21366f6d651c0a11c37391e6c17d10ea4d9914b7e,56,True
EUW1-7939331706.rofl,EUW1,7939331706,16.15.801.3452,16.15,11,1755.5,15462775,f1e116a086680a27f41bcc236a4fffb5167dcf13c4612da545e42debb553e2e9,91,True
EUW1-7939369994.rofl,EUW1,7939369994,16.15.801.3452,16.15,11,2797.2,24166445,903170486abb5ee04b48dd4380ed038411b72a96848ebeb74a98d3da4851ea67,143,True
EUW1-7939392480.rofl,EUW1,7939392480,16.15.801.3452,16.15,11,921.7,6336231,8a1e7a24903956a10a91de5275db108e4415f42b03c6c66d5393b0c0503f4f2a,49,True
EUW1-7939401275.rofl,EUW1,7939401275,16.15.801.3452,16.15,11,2708.4,23604223,1783ffed205df6e6855b57b341a0c9594fdfe32c7a45267721f7f897eeed3729,139,True
EUW1-7939412023.rofl,EUW1,7939412023,16.15.801.3452,16.15,11,1385.9,11128959,42a0336398800fa68f21d0889d1ecaa7816522427a82a7cd43ad53e5f02dc37a,73,True
EUW1-7939419274.rofl,EUW1,7939419274,16.15.801.3452,16.15,11,1550.3,13227003,56eb4ac5d08aa8544c0ffaf34bb1fd44e83ef877578fab92dce877f5f2eda906,80,True
EUW1-7939455950.rofl,EUW1,7939455950,16.15.801.3452,16.15,11,1564.9,11137486,bfca5df1233753637201cf8bbe414f644cbcb1619e79c3ebc43aadfa59877f4d,82,True
EUW1-7939456128.rofl,EUW1,7939456128,16.15.801.3452,16.15,11,1444.7,11285488,4e7d74ff5825572dabc9adfc365f8ec5651732ea5507ee670130a82304f1f5c4,76,True
EUW1-7939459033.rofl,EUW1,7939459033,16.15.801.3452,16.15,11,1775.1,14883822,1f268480d8b3fa5bf71e79d2b268fed470811a940768e1a9cdb7d595fbb69e3f,92,True
EUW1-7939460745.rofl,EUW1,7939460745,16.15.801.3452,16.15,11,1241.9,9871735,787d417b66d5a5455866c28e09a9cc39a478b666017805cbe1619653d6f2f82d,65,True
EUW1-7939473459.rofl,EUW1,7939473459,16.15.801.3452,16.15,11,1965.3,17459783,265e401d3a83a62a94d5ebfa350402da6ccecdf1a2726dd1252e8de919575e5f,101,True
EUW1-7939483930.rofl,EUW1,7939483930,16.15.801.3452,16.15,11,1093.8,8338979,22e423216339203c0e1e559d4fa263049eaf2a9f5531affcad829f9c3818d3fa,58,True
EUW1-7939485059.rofl,EUW1,7939485059,16.15.801.3452,16.15,11,2047.9,18398411,a7ac1980921713f38ec960f53661c6efc147cd48f3866d22dcf311f64e290d5c,106,True
EUW1-7939500513.rofl,EUW1,7939500513,16.15.801.3452,16.15,11,1917.9,16179075,164d1ebd3fbdf3177bcb705822a5caa6970dea41f45787564b194072ed4a94e8,98,True
EUW1-7939503957.rofl,EUW1,7939503957,16.15.801.3452,16.15,11,1072.3,7921351,da50421b6dedf4b7758f5e01faaef5b567a2a1569bb303a4dd6adeebb2eb5d34,56,True
EUW1-7939520608.rofl,EUW1,7939520608,16.15.801.3452,16.15,11,1756.6,15813114,3c1665557a23a9d603c9b936ffb3101268d52ef64294948e03702e928958bfc6,91,True
EUW1-7939529053.rofl,EUW1,7939529053,16.15.801.3452,16.15,11,1372.0,10027485,0d13c9cf74c7e368ec81ec5b28e90c0e1acd08031b4e676a5a50785791fae272,71,True
EUW1-7939544696.rofl,EUW1,7939544696,16.15.801.3452,16.15,11,1415.1,10451434,4cb20d4f48807420647424251c621c89e878e85ced18d9e0590abe19b92db149,74,True
EUW1-7939544726.rofl,EUW1,7939544726,16.15.801.3452,16.15,11,1653.9,13147186,2a3286b110573c92b466f7f8ff2e789830e6304d3a9c6fe12b51b214a117f087,86,True
EUW1-7939552611.rofl,EUW1,7939552611,16.15.801.3452,16.15,11,1789.9,13076933,2170d668993b5f2f890c947eac21bfbb3381f33fe3ba1b5f74ecaaf49a7bcfdf,92,True
EUW1-7939558018.rofl,EUW1,7939558018,16.15.801.3452,16.15,11,1210.6,9543130,e96cb1d3f10ec1dc268bb586eebd74faf9574fbb173f75f9b29493419458fb32,64,True
EUW1-7939558712.rofl,EUW1,7939558712,16.15.801.3452,16.15,11,2000.3,17226740,ed8308d5aa5fe9578d0bd65e2c4481565d0e91a7ef38180a42e22ae41b689f63,103,True
EUW1-7939574885.rofl,EUW1,7939574885,16.15.801.3452,16.15,11,2474.2,20653380,4b4f4be68e58ad76da567e7c0282c70e19dcc981aa4c4bf543cad1c0dcf77a5a,127,True
EUW1-7939576693.rofl,EUW1,7939576693,16.15.801.3452,16.15,11,2555.7,19603227,5d4f96b4cde86ee56cbbf423e65b69cdbefc6ee69030ae758d170aee76968a36,131,True
EUW1-7939579495.rofl,EUW1,7939579495,16.15.801.3452,16.15,11,1725.5,13025336,34f2bff286bcf4b9134c4d5b9e2993d27def99dc15a40a0d8af8b34cb1969bc5,89,True
EUW1-7939582304.rofl,EUW1,7939582304,16.15.801.3452,16.15,11,1870.1,15751064,250fa148e9a5250e0a077074281a9969dcddb9c819401afeb0814e96fcdca0df,97,True
EUW1-7939589356.rofl,EUW1,7939589356,16.15.801.3452,16.15,11,2238.2,17444803,9b1740c50011c9ae5ba401f102ac51dfe76d983e535213b3e8084eda7a477abe,115,True
EUW1-7939589526.rofl,EUW1,7939589526,16.15.801.3452,16.15,11,1654.2,13282664,ac13864349236ee39fa2fb7ab06fddbe9c4080c5b946fd382a9abc0391c4d0d1,86,True
EUW1-7939589563.rofl,EUW1,7939589563,16.15.801.3452,16.15,11,1245.0,10100258,bd352742d61ec716fee037a61c1f6ef0844fb54318262ff08a611d1937149ba2,65,True
EUW1-7939598157.rofl,EUW1,7939598157,16.15.801.3452,16.15,11,1193.8,9492079,603a775271ea19889cee213ac9ccaf98da947c2d6e593cc500ca3d934a8486e7,62,True
EUW1-7939621734.rofl,EUW1,7939621734,16.15.801.3452,16.15,11,2170.3,19236744,44a3929d791de0994fb11c1e4be3a0db6b0dbebe61bd62a55e162c90f2f79996,112,True
EUW1-7939624472.rofl,EUW1,7939624472,16.15.801.3452,16.15,11,1821.3,16459153,3a6ad9568ffb67377972fd43b1e09ea6069915419cebcbb570eaab4df45b3f10,94,True
EUW1-7939636352.rofl,EUW1,7939636352,16.15.801.3452,16.15,11,1742.8,15298025,bc6acfe712c4f1cfac7ab63fb3969a3730b3ccd19794a439d900ac7f1f8cc19b,91,True
EUW1-7939667835.rofl,EUW1,7939667835,16.15.801.3452,16.15,11,2384.5,18802451,e2cb21d5ebdc3019c2da7ddb500154fe59d7c1c81fe03110feb7e25edd80b35e,122,True
EUW1-7939679059.rofl,EUW1,7939679059,16.15.801.3452,16.15,11,2157.7,18747241,3f93196785168e6a8323e85cf59a0b953079b37d9a8e0fbf46187b276154ef98,110,True
EUW1-7940414887.rofl,EUW1,7940414887,16.15.802.4387,16.15,11,783.6,6158691,41150acd70331bcdda779cd7b41380483c10f20c2de8d2fbfec315805a4640b6,43,True
EUW1-7940729730.rofl,EUW1,7940729730,16.15.802.4387,16.15,11,1808.1,15964807,ae55cb9b1f951340ac24497dbfc45d3c49bd485204a9f7d78bed68320bd5549d,94,True
EUW1-7940730362.rofl,EUW1,7940730362,16.15.802.4387,16.15,11,1391.7,12372887,d96ea2dc7953e7ffb70819a6bccc2ee34cb8543bca90b4dff3e316115b139683,73,True
EUW1-7940758257.rofl,EUW1,7940758257,16.15.802.4387,16.15,11,1597.2,14337082,176ed28ccf99e36a8eb493d8cbd61475e0af231ca6eeb83e64f9dc3e74f5e3b7,83,True
EUW1-7941919316.rofl,EUW1,7941919316,16.15.802.4387,16.15,11,722.7,5443107,c79be13499c442303495a213f2fd2e3533e05a3d3ed0d31429dc1fe8ab76f54b,256,True
EUW1-7941921679.rofl,EUW1,7941921679,16.15.802.4387,16.15,11,771.1,5701559,aedf28778e5611f52a1c5dae842fd12f4ed69d8a779b3d5e68e504c51207df9b,272,True
EUW1-7941945702.rofl,EUW1,7941945702,16.15.802.4387,16.15,11,969.7,6974890,b61c25ef8cafd51a6c7cc998ebeef004c3409cb412f1235e5434b95aeab228d3,343,True
EUW1-7941961590.rofl,EUW1,7941961590,16.15.802.4387,16.15,11,920.7,6937714,c9dab4cad533a9692a0880dbc336f36ddb3de138c8d3ca976165e4fd756deb8d,325,True
EUW1-7941971710.rofl,EUW1,7941971710,16.15.802.4387,16.15,11,635.2,5173739,0739bc7de9e6af376271981484312adeb3f4a913f43370e0e9b1193617a3479f,225,True
EUW1-7941986546.rofl,EUW1,7941986546,16.15.802.4387,16.15,11,740.6,6225432,924823c07825c395876cb0157cd94b6a10c84fcfc14434cce1add49a8b943c8f,262,True
EUW1-7941999531.rofl,EUW1,7941999531,16.15.802.4387,16.15,11,1094.8,8420663,ed16f726ac8eef21cf7a187c932d8a338b32c680044911ccaa7bdac507d2950c,386,True
EUW1-7942011831.rofl,EUW1,7942011831,16.15.802.4387,16.15,11,711.1,5048308,b48bbb8deb10cc4b5e8dae44e6b5ee25c91ceebe213c71746b12608a0bc1e2d1,251,True
EUW1-7942023143.rofl,EUW1,7942023143,16.15.802.4387,16.15,11,860.4,7218159,32abee3fcc329eedf01c7dff81bfb87d12beaaa5f21bef297d35c2b9b28d0969,304,True
EUW1-7942055693.rofl,EUW1,7942055693,16.15.802.4387,16.15,11,945.5,7381372,9e0ef1fc6935c03154b8e1b6b36fe5961235e896e406a02cc2692e2a2445d2bc,334,True
EUW1-7942069030.rofl,EUW1,7942069030,16.15.802.4387,16.15,11,633.4,5334435,015aabeca454c90592d9d54c4b9254a439cc4e477604ab5c92b01daeb1986b32,224,True
EUW1-7942139478.rofl,EUW1,7942139478,16.15.802.4387,16.15,11,1284.9,11044646,1c46de3dd3f40a0515404feb0a32f18a0c0936a75da651b4af8616d4f2fc9067,453,True
EUW1-7943098943.rofl,EUW1,7943098943,16.15.802.4387,16.15,11,1702.2,12976287,232442a9e495c0fb32156f3e9a306534f84fc844f4c845808e4d06d148175ab1,88,True
EUW1-7943126205.rofl,EUW1,7943126205,16.15.802.4387,16.15,11,2906.8,22689144,8accdf268a9884c0a757a13704b59f0998c2386ccc12a6f3a7e17d2ff4ee351b,148,True
EUW1-7943185959.rofl,EUW1,7943185959,16.15.802.4387,16.15,11,2041.5,15477496,4ffab11c16b2f9e3817dc195b518513a0e543e50bbb487518cfbf37bf099c54b,106,True
EUW1-7943223040.rofl,EUW1,7943223040,16.15.802.4387,16.15,11,1496.9,11754168,3d0ec18e1cf14c8bcb860bf30a8bd243330f312159ed9d13927822afcec0f64c,77,True
EUW1-7943320819.rofl,EUW1,7943320819,16.15.802.4387,16.15,11,2053.3,16884562,b727c8a579390918b5ea4607dd047c6094f4418bd1ff07ee565bb995c126af31,106,True
EUW1-7943362977.rofl,EUW1,7943362977,16.15.802.4387,16.15,11,2676.0,23771384,b21a07c7621adb8e3cd12c5efb85ed990f71064086bbf3feaa0761da9a0ee07e,137,True
EUW1-7943422057.rofl,EUW1,7943422057,16.15.802.4387,16.15,11,2023.1,16499764,2b80aa33b3e62ba748e8734a7537497b0cfa6984fea80851bcd7529ca998db66,104,True
EUW1-7943482576.rofl,EUW1,7943482576,16.15.802.4387,16.15,11,1378.8,11365367,77aa958a600ea6ddfd263a4999505377e44d9909f7811db76693eb2c18f0c87b,71,True
EUW1-7943890713.rofl,EUW1,7943890713,16.15.802.4387,16.15,11,2151.2,17066686,43285ee0b711c44e3ecd1450430dd95a6e9f32399f767e5ff67481aecf429d5c,110,True
EUW1-7943900315.rofl,EUW1,7943900315,16.15.802.4387,16.15,11,1481.4,10942310,66c6f3f678d7d33619c9b68b9ee3e4ef5a6647a2956dba78a551332cde306159,77,True
EUW1-7943940064.rofl,EUW1,7943940064,16.15.802.4387,16.15,11,1318.6,10281242,232ead1e7ae29a25f1e3910bdd49adadf1292803db7264f854296d173798ec6f,68,True
EUW1-7943957039.rofl,EUW1,7943957039,16.15.802.4387,16.15,11,2012.5,15098253,39443d96f85c4607d438e3bd896d3174f38fae5fd19e233c0b8f9ced8064f68c,104,True
EUW1-7943993547.rofl,EUW1,7943993547,16.15.802.4387,16.15,11,1901.9,14478842,1756ed52cc64a35216810a8371adfa02b69bdf907592c22c68630aa5bfaff23b,98,True
EUW1-7944022621.rofl,EUW1,7944022621,16.15.802.4387,16.15,11,921.4,8276872,8081fda82936b6b70a92b44e03f6c8bd02399b116a0baf1af4293f4c1ac9bf2b,49,True
EUW1-7944032846.rofl,EUW1,7944032846,16.15.802.4387,16.15,11,1430.2,10209550,575ea159734184af52c495ac1391afb1882d83b0cbe530d623613e97f56234af,74,True
EUW1-7944062608.rofl,EUW1,7944062608,16.15.802.4387,16.15,11,614.6,4784999,b85ef86d98c7ef4dd46e68c6ada49c5b4d8d128ad3c344f0c6b51c9c12f64bc9,34,True
EUW1-7944163406.rofl,EUW1,7944163406,16.15.802.4387,16.15,11,1102.1,8406120,dc2f6580a3c858fb654e8d9681f5265ec44d14971164dfbb74f39c667aa976fb,58,True
EUW1-7944189181.rofl,EUW1,7944189181,16.15.802.4387,16.15,11,1394.9,10184122,a845855cf12626e52a8f989487e83bd8737395471e8485cba5ea22c4741dfe7f,73,True
EUW1-7946084717.rofl,EUW1,7946084717,16.15.802.4387,16.15,11,1006.3,8053071,ef40fcefec67acff25331b15f49bf5ec5fa4abbcd25c8fefe8a5518776c5b510,53,True
EUW1-7947405870.rofl,EUW1,7947405870,16.15.802.4387,16.15,11,2096.9,15343506,f21a72bc694307e11a68bc8a60135e5f880c1d4632337c9ac1a9d5180e54fe6e,107,True
EUW1-7948037877.rofl,EUW1,7948037877,16.16.804.9184,16.16,11,1594.7,12683683,df1b528c8423f1a32fb7a742bd2e3b4f47d2cde183f08db7d310783b88a8c0f8,83,True
EUW1-7948038550.rofl,EUW1,7948038550,16.16.804.9184,16.16,11,1808.4,14729572,d2df0a44eb01ee71934a40abec3c648f4250ad5836764208b6c973c803ed32ed,94,True
EUW1-7948048431.rofl,EUW1,7948048431,16.16.804.9184,16.16,11,1713.1,11839305,8c2b4b4cab025644ae58266011f2c2262e8fd3af22472b51e45a4b7ba2bdde10,89,True
EUW1-7948064802.rofl,EUW1,7948064802,16.16.804.9184,16.16,11,2194.7,15308685,c10324f52ed337f1325818d4ddc30b3b0d1991fa9e18e5ac0a0bfd5ffc20c5c6,113,True
EUW1-7948064989.rofl,EUW1,7948064989,16.16.804.9184,16.16,11,1755.0,13359992,cc71eab756b426f2337d07e03048368424b7750304eea87835d7fbb2c27eda7b,91,True
EUW1-7948091478.rofl,EUW1,7948091478,16.16.804.9184,16.16,11,2293.6,16946624,d0b8280798ad7e1dbff59a16170557fb187c43046d8a696f3d679c126ddd5e0a,118,True
EUW1-7948097536.rofl,EUW1,7948097536,16.16.804.9184,16.16,11,934.2,6542626,927116ce8edb6fab148a8bac27c597115d44d6207a838526ebacc99645816585,50,True
EUW1-7948098649.rofl,EUW1,7948098649,16.16.804.9184,16.16,11,924.0,6666111,a4a729cbcd70b59038a208d99277b1b30da62fbd831b71d1e4a3fc713340ede3,49,True
EUW1-7948105237.rofl,EUW1,7948105237,16.16.804.9184,16.16,11,2862.5,20761009,438631e59521d57e570f5b959c4ec9ea115ea35a7538cfb32341c0d20814fb85,146,True
EUW1-7948115287.rofl,EUW1,7948115287,16.16.804.9184,16.16,11,1443.6,11168412,23e3301c60275badbaa016218349e91ad60a73c0ea35cc99cb5a037e2ab0ed63,76,True
EUW1-7948115561.rofl,EUW1,7948115561,16.16.804.9184,16.16,11,2574.8,18186900,3bc3e8bcfa856c2494963d9cbf05cf2cf07c301c58c7117ce3f6022f3b35cf5b,131,True
EUW1-7948126436.rofl,EUW1,7948126436,16.16.804.9184,16.16,11,1983.8,16102618,a54ce3cfc5f05993a630c98a647694444a0dc3701363d9e100f00aabaa2cafc7,103,True
EUW1-7948133380.rofl,EUW1,7948133380,16.16.804.9184,16.16,11,1040.3,8677811,350fab0ec321d063bb865b17fecb56b55cda8af2096389e6d6d411fccf24a4da,367,True
EUW1-7948136272.rofl,EUW1,7948136272,16.16.804.9184,16.16,11,1077.4,8302308,feec9778e5fcb80ef29add176d34648e0c7d33aad6922994034241056235a7f1,379,True
EUW1-7948148247.rofl,EUW1,7948148247,16.16.804.9184,16.16,11,1257.2,10385250,3f006134144fa4b10eeb4dce7e403e19f41b98db873be2ba7fabb6227a4e9e30,65,True
EUW1-7948155229.rofl,EUW1,7948155229,16.16.804.9184,16.16,11,1667.5,12469266,1b196f1393e61b5ce8bd2acd0bf0d80abdab834b1de2d9b5498a98baea9d3aeb,86,True
EUW1-7948155665.rofl,EUW1,7948155665,16.16.804.9184,16.16,11,2148.0,16737967,d5149ad5acdbd62a366edad290f2a27f5f9bfdc45c9a0540de3f3e473c892606,110,True
EUW1-7948159654.rofl,EUW1,7948159654,16.16.804.9184,16.16,11,1295.8,10015421,1b20977f17a9870483a97fb6f7324d580a3ffab089426ef06a7b092c14d8af8b,68,True
EUW1-7948162361.rofl,EUW1,7948162361,16.16.804.9184,16.16,11,2156.6,15095411,ee8e3e813be74bf4a7466b56d1561e3e160ca37943dd6fa9693ed3a7fb0c5955,110,True
EUW1-7948163499.rofl,EUW1,7948163499,16.16.804.9184,16.16,11,1339.6,9792046,e021f1649d170e9a752cbd162bbde7d00671f7191b8447a9145999c4f4b1a352,70,True
EUW1-7948170056.rofl,EUW1,7948170056,16.16.804.9184,16.16,11,1192.1,8219659,b213e8927c17e8c91209ec1423345a1985be01e6116a49cf3e0afdafca6b57b2,62,True
EUW1-7948172477.rofl,EUW1,7948172477,16.16.804.9184,16.16,11,1729.0,13663661,c2ffbf71bc819e0d942ef611bf0c9e306b269b30bbba830ac09ed0a7df5db882,89,True
EUW1-7948173911.rofl,EUW1,7948173911,16.16.804.9184,16.16,11,1481.0,12227127,da6d0e6256e059214f30f616be458823fee5729bad73dfdf25615e77c85fc8aa,521,True
EUW1-7948177337.rofl,EUW1,7948177337,16.16.804.9184,16.16,11,1849.3,14587079,c5837ac9c538a76ac8d9209567a48d2474ec843c07173b31617e4c489bb14c48,95,True
EUW1-7948178660.rofl,EUW1,7948178660,16.16.804.9184,16.16,11,1361.0,10660560,7f5af0558b42df74a5b0a8128c7fd48d5396ae5f853b12386514d50a786fb2da,71,True
EUW1-7948179727.rofl,EUW1,7948179727,16.16.804.9184,16.16,11,1704.7,13934579,549b8ec7d726c775f2b93659c02a71286626d246877021b1fbb05ee036ab3adf,88,True
EUW1-7948183537.rofl,EUW1,7948183537,16.16.804.9184,16.16,11,1030.3,7247357,e1155dd9bf4e5b0986d876fea6f0b1aa1826b613d3bdf205f2f6526923e3ded1,55,True
EUW1-7948186058.rofl,EUW1,7948186058,16.16.804.9184,16.16,11,1970.9,16089637,d23d3f64eb8496871d3c329267a718848f99deb1eabcad6316182cfb758d3934,101,True
EUW1-7948187517.rofl,EUW1,7948187517,16.16.804.9184,16.16,11,2106.6,16536036,cce7f60f1b476a29406c523f29811c99f5578674d39f819ef3712b751957448d,109,True
EUW1-7948199712.rofl,EUW1,7948199712,16.16.804.9184,16.16,11,2004.7,15529264,e8089d423967ff1d92864852078eab5504b15fecf23df7248651c0ed0a1465e7,103,True
EUW1-7948201077.rofl,EUW1,7948201077,16.16.804.9184,16.16,11,2630.1,23050227,c4a645059b2ce9e785c5e74d6d7ce3b84876f19ed2ab40399c7292ff764a120b,134,True
EUW1-7948207198.rofl,EUW1,7948207198,16.16.804.9184,16.16,11,492.8,3334348,6647782f62b0968c9a388696518b399ffcddeb859067c5cf85c7bdb7cf41de2f,28,True
EUW1-7948213160.rofl,EUW1,7948213160,16.16.804.9184,16.16,11,2142.1,18109045,cdc7c18a89b178b3f3dd0a1e4e3b360063521be538bb4d90a31cd6833ef7f37e,110,True
EUW1-7948219634.rofl,EUW1,7948219634,16.16.804.9184,16.16,11,928.6,6699757,b852d4c938ac76b22824d7f0113925cba6b80b46e0d7ec7d0b6c24b7e571ea60,49,True
EUW1-7948226306.rofl,EUW1,7948226306,16.16.804.9184,16.16,11,1940.8,14740124,dc8543a36b0239828dc1c4f0e86c86c388bf43509412b0b0db35bc1189607fcf,100,True
EUW1-7948243267.rofl,EUW1,7948243267,16.16.804.9184,16.16,11,2034.3,15388389,3622f88b6ce00c0442e5059842623179bdccae7c6f040e44d212a09ab16b2731,104,True
EUW1-7948244040.rofl,EUW1,7948244040,16.16.804.9184,16.16,11,1095.0,7944126,f096685068f2a2acf066339b31570c22dc9bcd0910deb1fb59e164a697b3c305,58,True
EUW1-7948244148.rofl,EUW1,7948244148,16.16.804.9184,16.16,11,1690.4,12681474,26e4ebff5637fd4f21560c2ca20a12107f57ad93029f0d8483ba514492550466,88,True
EUW1-7948249487.rofl,EUW1,7948249487,16.16.804.9184,16.16,11,1442.2,10634448,0dd37e20c16b0656582e8d9d408925776f4e79e5da180bfcc186711093ebace6,76,True
EUW1-7948252798.rofl,EUW1,7948252798,16.16.804.9184,16.16,11,2736.5,21144787,825a389b8f346d5ef6cf8875962ae5cee0cb6b2ebc20b2c43c92d4f1d65839c1,140,True
EUW1-7948258072.rofl,EUW1,7948258072,16.16.804.9184,16.16,11,1894.0,15702906,21065ccd5e8f29729d84380783f874579877dbddede7c913a93a33b8843ef159,98,True
EUW1-7948266649.rofl,EUW1,7948266649,16.16.804.9184,16.16,11,2073.8,18067096,ee41eac2f740c1408ae894fdf43753c41259b14473826679701587d6b3a59e9f,107,True
EUW1-7948269102.rofl,EUW1,7948269102,16.16.804.9184,16.16,11,1350.4,9890739,6d4dbfc9c71cc3ffa2894623d9e366ec784d2da9ff3537b3cbb4915fb56c8d07,70,True
EUW1-7948275280.rofl,EUW1,7948275280,16.16.804.9184,16.16,11,2251.9,17528765,4904620cbfe634082570cb1c97ed0ff0d30a9d1c199fc15f95f4527d518d05c5,116,True
EUW1-7948281592.rofl,EUW1,7948281592,16.16.804.9184,16.16,11,1334.8,9835681,cbb49322b279b2709085614474fd883cd2f8ef8565f560460d013fe9b9bb57a8,70,True
EUW1-7948282524.rofl,EUW1,7948282524,16.16.804.9184,16.16,11,911.0,6430308,1a4b1d029f333668831a27aeeb0e312632bd23b67a7be3f56a775a823f24d9df,49,True
EUW1-7948284424.rofl,EUW1,7948284424,16.16.804.9184,16.16,11,914.3,6533065,769f286bb2680b290888f58e67f7d00ac828ee534f9daf58c178bbdb10a6a5b1,49,True
EUW1-7948284949.rofl,EUW1,7948284949,16.16.804.9184,16.16,11,930.1,6205473,1adabb2a577f877c5fd9904e00d21940e73e27bc0c59f59e0e178dc053415b85,49,True
EUW1-7948288906.rofl,EUW1,7948288906,16.16.804.9184,16.16,11,785.9,5793295,2d2742b2277276b185aeaa070d955254010a24d8051e7fd772157a98897a4c05,43,True
EUW1-7948291938.rofl,EUW1,7948291938,16.16.804.9184,16.16,11,1294.9,9452901,f2bdd7fc3484ab53421c7f95fd6e7960ef836c46ae0e43230efb40e233513d4f,68,True
EUW1-7948291962.rofl,EUW1,7948291962,16.16.804.9184,16.16,11,1550.1,12005017,92d32e9d39086f76cd181273727766a457f1be1ca96f89637cbd10eb6197b569,80,True
EUW1-7948300671.rofl,EUW1,7948300671,16.16.804.9184,16.16,11,1275.5,9787011,e1c825a8a1bb0edbc6851a7582178bb26d36238e44e84d07882ae61793018c5d,67,True
EUW1-7948303350.rofl,EUW1,7948303350,16.16.804.9184,16.16,11,1172.4,8744573,f888ef91324c4a85e784b5703478e32f13a221ef78854c3520a51261bd570a4f,62,True
EUW1-7948309062.rofl,EUW1,7948309062,16.16.804.9184,16.16,11,1824.4,13806767,09230dbda6211a82b30c22fda027f969d1e0ae32b1db2d229ace8e986d73906d,94,True
EUW1-7948309156.rofl,EUW1,7948309156,16.16.804.9184,16.16,11,2462.4,17995451,1783bb571856d46e4028edfe487f572913e5530b52b193c0af82c37f71195ed8,127,True
EUW1-7948314168.rofl,EUW1,7948314168,16.16.804.9184,16.16,11,1702.6,13278293,b57a347ee2ba6ff63bd32b43595e7a228bdd36060da8a0f6396053ed029d8876,88,True
EUW1-7948323427.rofl,EUW1,7948323427,16.16.804.9184,16.16,11,2259.2,17646687,4d7edb87d213cd13762b47528c2d4bde40ddfa6ad7903889c107cab9a0c3aeb0,116,True
EUW1-7948330760.rofl,EUW1,7948330760,16.16.804.9184,16.16,11,1964.3,15122943,f37307b5de2f61e2105da94bd2225d0e0f3b4efe6423d0c148af36cc3e933ff0,101,True
EUW1-7948353052.rofl,EUW1,7948353052,16.16.804.9184,16.16,11,1674.1,13030500,23d5a5f6ca4f12ab59c6de2a508f134c54e1395f2ed9bd69bbfa17e20930835b,86,True
EUW1-7948353622.rofl,EUW1,7948353622,16.16.804.9184,16.16,11,1881.3,14173776,baea07e1e056d7b2328d1b74b79ac772fa3144790e58b4320df8a68f93cd0c64,97,True
EUW1-7948354726.rofl,EUW1,7948354726,16.16.804.9184,16.16,11,2404.2,19331227,169b7f0e3ee90cc14cf6e5f3ba2e4e2d8af2bcbebbbe57d0d6e7016a3b690435,124,True
EUW1-7948367635.rofl,EUW1,7948367635,16.16.804.9184,16.16,11,1735.0,14941224,9acc1b6c46d198c6e840a6cf50d8eb1db08849becd0d7768163bde40e15c97b4,89,True
EUW1-7948376196.rofl,EUW1,7948376196,16.16.804.9184,16.16,11,1413.0,10639625,6713054ad541727e6d63bcc99506c27bf6ca4d60abbf1267044939c67736477b,74,True
EUW1-7948376380.rofl,EUW1,7948376380,16.16.804.9184,16.16,11,1441.5,11279093,79425874f90a1d3761b8331d43f786847e237bf7b968a00a4056abc9922c1a0e,76,True
EUW1-7948380660.rofl,EUW1,7948380660,16.16.804.9184,16.16,11,1768.6,13294550,11c0ad84f0334145a913a21422cab4ff30e4adc6a75d6e0071f2ff796725b1e1,91,True
EUW1-7948384604.rofl,EUW1,7948384604,16.16.804.9184,16.16,11,1476.4,11145035,99aebee48c5d9cf97fa2c1ac5a82bc2f4834665e90eb9f0e1e3d009f6288e432,77,True
EUW1-7948384870.rofl,EUW1,7948384870,16.16.804.9184,16.16,11,1850.8,14380725,6453bd9e9f2e1b4ca91946e886358bb020c856b1fe3d1d4a6ba0774fc61f1dbe,95,True
EUW1-7948388860.rofl,EUW1,7948388860,16.16.804.9184,16.16,11,1874.6,15587385,bace932455fec8dd25b61306ef7007321d59e5e02e58d22fd363e95af36db072,97,True
EUW1-7948389306.rofl,EUW1,7948389306,16.16.804.9184,16.16,11,2173.5,18850991,7b8090885c0bab0f6f8d623dca0cb8158b46dc6c8e120d5889c7d7d591de2385,112,True
EUW1-7948401336.rofl,EUW1,7948401336,16.16.804.9184,16.16,11,800.8,6310543,723ef8ca955cda56345271241a8feca75e758b480dd595ba55fe23225c131686,43,True
EUW1-7948404671.rofl,EUW1,7948404671,16.16.804.9184,16.16,11,1433.3,10872538,d7ca67f28efdab8dd50d783fc642c286927db74d181fa814124a9d49736f3ea6,74,True
EUW1-7948404710.rofl,EUW1,7948404710,16.16.804.9184,16.16,11,1149.5,8691508,cb21b4ab966662c65beeab66e7230bce809ff37b8b34cbbc50f06be201ef5949,61,True
EUW1-7948416010.rofl,EUW1,7948416010,16.16.804.9184,16.16,11,1693.7,13028023,c27d8acf520c6249ae4b3fd312683a3af1cc035ae632bc966798bb69b5cfcf1f,88,True
EUW1-7948419216.rofl,EUW1,7948419216,16.16.804.9184,16.16,11,1896.0,14965955,f58f8396df116b70152e5eebe539280d4a886426004c303b445b39466b227ca9,98,True
EUW1-7948421871.rofl,EUW1,7948421871,16.16.804.9184,16.16,11,1744.3,13719557,6c584267adaca26b9f032cfa6793be0978f2ed718dbae86cf1e60b6363dcc886,91,True
EUW1-7948424029.rofl,EUW1,7948424029,16.16.804.9184,16.16,11,1467.4,11918255,b5b8ba0d857fefdb28289229ecfdab22dc60bf410cb033dc78ce2bc7d35fc6b9,76,True
EUW1-7948431296.rofl,EUW1,7948431296,16.16.804.9184,16.16,11,1812.2,14430941,1faacf4d46a9a1c66f25c760d4283778942b1737ff38650f3da6e0e911a35868,94,True
EUW1-7948434552.rofl,EUW1,7948434552,16.16.804.9184,16.16,11,1836.6,14186641,c4b0bbc4653d5c5c03991df7e9646ee3be73e728306891d973e22de17c309f7a,95,True
EUW1-7948440210.rofl,EUW1,7948440210,16.16.804.9184,16.16,11,1970.8,14162125,62dd4dc88cdcfd77a6c85abd66ac1c0340e0879674992aa6f1361c0d9fbcba73,101,True
EUW1-7948442466.rofl,EUW1,7948442466,16.16.804.9184,16.16,11,1810.3,14314588,e27fc14d333af7f7313ea072232cb491ae1c612abdf9b6cc388c6fd6c2272827,94,True
EUW1-7948458443.rofl,EUW1,7948458443,16.16.804.9184,16.16,11,1857.4,15092868,caf9ab085aa3bb2ed0bbf7d0a747979639dba112bd9979bdd933722b77ffbb46,95,True
EUW1-7948459221.rofl,EUW1,7948459221,16.16.804.9184,16.16,11,2251.1,17305751,cdd31a2cd9c6f36f11dd84594789217d459548ca136965d9c4cad2c9845d604a,116,True
EUW1-7948461475.rofl,EUW1,7948461475,16.16.804.9184,16.16,11,1640.7,11555823,98e5b86481ee9208d0a2c2dfcf942b75f1d1681880bf10ff58e9e28036c87adc,85,True
EUW1-7948481479.rofl,EUW1,7948481479,16.16.804.9184,16.16,11,1471.6,12194630,4627d77b770b6ea659b5196cb0c9bb7366ed9b8d6410c7f3a59dd0c823cd684b,77,True
EUW1-7948489096.rofl,EUW1,7948489096,16.16.804.9184,16.16,11,1840.9,14269524,e096df00287b61e6526c684757d4dc8e719a39123ac9eb5b09988f91bf3766a6,95,True
EUW1-7948505940.rofl,EUW1,7948505940,16.16.804.9184,16.16,11,1381.7,10065803,24c06ae5173d8ac34ee272feff5b702ddfe144c53c3b2c3edfd75040e3cc7530,73,True
EUW1-7948514422.rofl,EUW1,7948514422,16.16.804.9184,16.16,11,1025.2,8129248,636446619f82b10fdf8900b8072fdabca1ac56bcf2afc6a7778daa553ba540e5,55,True
EUW1-7948514952.rofl,EUW1,7948514952,16.16.804.9184,16.16,11,1902.8,15654407,8e2e45022a4ab6179783e946611458634457e43b6fdfb82a18e0f62db76b136a,98,True
EUW1-7948531827.rofl,EUW1,7948531827,16.16.804.9184,16.16,11,1691.2,12903124,da488ac4631c43ebdc240ec0760c9531db3375051b95302e56c837275dfdc7c7,88,True
EUW1-7948542069.rofl,EUW1,7948542069,16.16.804.9184,16.16,11,1753.9,13628352,ddc1b7822258620e68c2edd4fdd24febefc56c7da3352c617527421bb9079417,91,True
EUW1-7948548682.rofl,EUW1,7948548682,16.16.804.9184,16.16,11,1755.3,13188145,2f1904eb87022519fe80b42cd56796166807fbe57aa2929b256d06250d5655b0,91,True
EUW1-7948553288.rofl,EUW1,7948553288,16.16.804.9184,16.16,11,2495.2,17882186,7a2e39a7b5881e84ed77b6135d81e0a5995d1c4955fb243ad19d616371a66ce0,128,True
EUW1-7948556709.rofl,EUW1,7948556709,16.16.804.9184,16.16,11,1583.0,11779263,fe34fb1bb428698283c9dd48e113074a25fdfc32084d18835b8abdbea641db22,82,True
EUW1-7948565129.rofl,EUW1,7948565129,16.16.804.9184,16.16,11,2424.3,19555768,843b9b28381ddc7dc0b2219c62c3d7006be4603d7d72e03e7d9ca8d155c3b025,124,True
EUW1-7948583166.rofl,EUW1,7948583166,16.16.804.9184,16.16,11,2234.0,16706030,4c2d76b5baed519b5d21923f53b5ac1de3c6e2a29bafc838f75d93037266dc2a,115,True
EUW1-7948595922.rofl,EUW1,7948595922,16.16.804.9184,16.16,11,966.5,8040044,ec36a6f73eaca0c2a1245196e7e85795dee70ce1e52858604f242a714a081c9d,52,True
EUW1-7948598069.rofl,EUW1,7948598069,16.16.804.9184,16.16,11,1041.5,7520544,9052fec4de394a84c5784c6d028c49446baef6b5cf4d560657793d91ff21bacb,55,True
EUW1-7948598979.rofl,EUW1,7948598979,16.16.804.9184,16.16,11,1975.4,14740432,464c38d8ec4c41d222622f99606fc24a2d0ab119ea8f772307aac38a724c4424,101,True
EUW1-7948600493.rofl,EUW1,7948600493,16.16.804.9184,16.16,11,1506.2,11820847,fed15a35855040539ca023c3dea02bc8c4c467730f4af09ab7b38069a37fae18,79,True
EUW1-7948602550.rofl,EUW1,7948602550,16.16.804.9184,16.16,11,1010.4,6800838,f5190b97219dbe9f7105c96a3b60c5a3e1790953548ca4e441792f98f661abcf,53,True
EUW1-7948604651.rofl,EUW1,7948604651,16.16.804.9184,16.16,11,1171.7,8874991,5d385a11a4c1397c4f67cf6b19dc6583575b7194471dcfc189a79376bd771a05,62,True
EUW1-7948612709.rofl,EUW1,7948612709,16.16.804.9184,16.16,11,1489.0,10848056,758cf1953ee5e593003369fdaca3f257c2517f75b9ce4ef12e6a40f8ec385e57,77,True
EUW1-7948619093.rofl,EUW1,7948619093,16.16.804.9184,16.16,11,2353.4,18618430,4eba1c412f9b350b8d045a4a4094e359bf058cd16d336c2dd0275d6c0781fe0d,121,True
EUW1-7948620845.rofl,EUW1,7948620845,16.16.804.9184,16.16,11,1900.7,13321955,54ab2fcd0a9ea68bf3df6465fb57d3003be86ba37f8ce3694c5f87c6cd5c2567,98,True
EUW1-7948629961.rofl,EUW1,7948629961,16.16.804.9184,16.16,11,1647.9,12712221,03e9b6ae76e61cc33c0738aa292b76efcfce0b8559cdac64cae3a4b27e6909d4,85,True
EUW1-7948633454.rofl,EUW1,7948633454,16.16.804.9184,16.16,11,1985.6,15201138,42b9e322639b5fc99f49397553c61644cc5507d2cf483745e8db335258289f2c,103,True
EUW1-7948637687.rofl,EUW1,7948637687,16.16.804.9184,16.16,11,1619.9,11396065,9f59316a486324b9438dd23c121b2dd584b23a7a099b7bf955d7d1eb3bb2f852,83,True
EUW1-7948649652.rofl,EUW1,7948649652,16.16.804.9184,16.16,11,1692.5,14917179,b391f3c3f7afc3373906b01318795ea61f4705af5d67554fe98874bee173e4d1,88,True
EUW1-7948649936.rofl,EUW1,7948649936,16.16.804.9184,16.16,11,1786.2,14859054,2e546540038b309c9c45d9975a0273c384b30834dfe7764e935cc6eb4f9ea3b1,92,True
EUW1-7948650269.rofl,EUW1,7948650269,16.16.804.9184,16.16,11,1990.6,14234192,054a04fa7de704fe410bdbf763b07e4d421e2dd6733ff883406f5c3ffd495a76,103,True
EUW1-7948654807.rofl,EUW1,7948654807,16.16.804.9184,16.16,11,1825.8,14398354,2b413cfc3fc003b6a5478230c1c2c61cdd96a74ef76510a6de0d479d83e0f0e1,94,True
EUW1-7948659978.rofl,EUW1,7948659978,16.16.804.9184,16.16,11,1689.2,11867294,3ebd5b19ea202a319aea2025ecc7dd7b8e9731a08d4b5d276c13ded0ade034dc,88,True
EUW1-7948672012.rofl,EUW1,7948672012,16.16.804.9184,16.16,11,2266.1,17387741,5a0161e178478dffdd0cfeb86f9d85ad3354ef303c68b14ea7ff2e7e7c3aa7cc,116,True
EUW1-7948672871.rofl,EUW1,7948672871,16.16.804.9184,16.16,11,766.6,5735196,96468461d575aa0cdb8d38757960c7358876daa9b2b3580d88dbecde5637e394,41,True
EUW1-7948678736.rofl,EUW1,7948678736,16.16.804.9184,16.16,11,1032.4,8218397,375192815b8cd7c9b11e94b9e09475cf02ebe99e11c801f6b00ea5a6cf7810a1,55,True
EUW1-7948679400.rofl,EUW1,7948679400,16.16.804.9184,16.16,11,1419.9,11240257,1429ed89f94b0296c8d62e72c6efc62ef7105824d1132c36e3a5301e2c14fc12,74,True
EUW1-7948682863.rofl,EUW1,7948682863,16.16.804.9184,16.16,11,915.7,6769569,93d0c097b90ed35705c97e1fb9d70566a3a9f9a126501d256702337591aeadd6,49,True
EUW1-7948686372.rofl,EUW1,7948686372,16.16.804.9184,16.16,11,1612.5,12278852,58d6fcd37e2a51144431e619cbda273ce6c89dfb58d50f80642554ab02583386,83,True
EUW1-7948689894.rofl,EUW1,7948689894,16.16.804.9184,16.16,11,1698.4,12621559,5550a0089bbe1b526bae39e711aed9cbad3c1148e92e704562ee78f490c6ddf0,88,True
EUW1-7948692658.rofl,EUW1,7948692658,16.16.804.9184,16.16,11,2105.9,16901441,984635b4b21274c94d164f62b53a7e770cec4830e0ca48a8cfc44e662a77ef23,109,True
EUW1-7948697086.rofl,EUW1,7948697086,16.16.804.9184,16.16,11,1182.5,9156558,11044f0cd205470ac9e1d36b73f2bf8a4a7c29c8e4e06a1495c4fdd3f58c35ca,62,True
EUW1-7948697812.rofl,EUW1,7948697812,16.16.804.9184,16.16,11,2129.3,16257450,e65c6a9ead90f879dc67cf2b8d1ab92320d7aa347267833601fa3daa4bdd396f,109,True
EUW1-7948703143.rofl,EUW1,7948703143,16.16.804.9184,16.16,11,2213.0,16637923,73c3574a567184009df133e2520e0cf44867b97709055a4bfa40c728067448f9,113,True
EUW1-7948707051.rofl,EUW1,7948707051,16.16.804.9184,16.16,11,1846.2,13177641,59f6e11f408574dcebefc05b105b416fb95057e72b4503d96ed136acc7d5831e,95,True
EUW1-7948712551.rofl,EUW1,7948712551,16.16.804.9184,16.16,11,1351.5,10272906,c9cba04908c4f35b261f27936d93051953041cce3230e54c308d382688f9a727,71,True
EUW1-7948713003.rofl,EUW1,7948713003,16.16.804.9184,16.16,11,1722.5,13047068,d37b1c05fe6f1d9f9512fc31b2ee0295ee904908eecd6e6de0303ede2694202c,89,True
EUW1-7948735147.rofl,EUW1,7948735147,16.16.804.9184,16.16,11,1427.4,11837782,d77ea4fc62f049cca1505407117d9788d4c0d535701fff1cb67ba4d0f467c722,74,True
EUW1-7948738316.rofl,EUW1,7948738316,16.16.804.9184,16.16,11,1901.0,14851051,e01821df97d9ec9d6894fe8d18615ea14b533ea255c5cd0d495a1e98c983bbc5,98,True
EUW1-7948740483.rofl,EUW1,7948740483,16.16.804.9184,16.16,11,1509.0,10363119,5413b228a2a2f3cad246f7a1be748ac590edd2c1f1a8f1d2be8a032bd896d639,79,True
EUW1-7948742609.rofl,EUW1,7948742609,16.16.804.9184,16.16,11,2025.5,15307723,41d48febd7a158027c33ba21ff35d37024db1207a8828fa109948adae1367993,104,True
EUW1-7948743401.rofl,EUW1,7948743401,16.16.804.9184,16.16,11,1557.1,12082439,7169704b7ee4b25ea3e06f64426ea8e4625031f4cda247cfce864be1f437d876,80,True
EUW1-7948747584.rofl,EUW1,7948747584,16.16.804.9184,16.16,11,2099.8,17074220,8429d0d0cd78412788b21295dd0d488aacb965957ba09831a36c795be39e51cf,107,True
EUW1-7948748321.rofl,EUW1,7948748321,16.16.804.9184,16.16,11,1277.4,9298875,91e838307cff217ec8b160b91fa54e22045bc612f81ced813a4e23ec99893119,67,True
EUW1-7948760332.rofl,EUW1,7948760332,16.16.804.9184,16.16,11,1999.7,14916471,6669a97fb85957cdbd35e872f5c076cd02e3e889cd541678a546817698b201c4,103,True
EUW1-7948761265.rofl,EUW1,7948761265,16.16.804.9184,16.16,11,1410.0,11307920,c1e68cfa54cab50fb6c3378230f375205c6be17ec80e3561c2257a50c61d2964,73,True
EUW1-7948761794.rofl,EUW1,7948761794,16.16.804.9184,16.16,11,2245.8,17406479,6140573fdd90e1485ded9388794b4139e0532e310c4d77ade44c9755d5396071,115,True
EUW1-7948765650.rofl,EUW1,7948765650,16.16.804.9184,16.16,11,1151.9,8058201,40a69a7d6a682bf4198bb4ee7987c8c4bbafae7e10b9d6764534cd31a2c3f4a4,61,True
EUW1-7948766791.rofl,EUW1,7948766791,16.16.804.9184,16.16,11,1865.4,14217949,1172288054238d5dadbbe531144cfd9bcd24dbf00b0251cdae246e7dfe0b739b,97,True
EUW1-7948768424.rofl,EUW1,7948768424,16.16.804.9184,16.16,11,1862.8,12468012,6ceb5e42d6698edc1d4441918e91ed08a4f92ad0f3bb048355070dd05bec31f1,97,True
EUW1-7948779185.rofl,EUW1,7948779185,16.16.804.9184,16.16,11,2037.4,18854926,400c8af0c88f71ef3660a5d986c45d72eacd01141b19dc9c250d27168f08c97d,104,True
EUW1-7948780214.rofl,EUW1,7948780214,16.16.804.9184,16.16,11,1550.9,11782063,d2970421ab1b736f7c133131a6c07d6cc1df14b5a90801ba70abe9cc677d14b9,80,True
EUW1-7948795819.rofl,EUW1,7948795819,16.16.804.9184,16.16,11,1792.2,12841036,de37fec4df7b1462e037e380086a58f1af063ddbb23075cfa7ee72de9a88c39d,92,True
EUW1-7948808596.rofl,EUW1,7948808596,16.16.804.9184,16.16,11,1727.7,13379928,c61e296ee5da7fd5312ba34de840004d914b144b336cfb9779bb0795d97ca2d5,89,True
EUW1-7948811132.rofl,EUW1,7948811132,16.16.804.9184,16.16,11,1724.5,13405948,ab30f2ea2249002a005a4baf80cefea84cf1ef871d2e93ee09adeeeea31e530f,89,True
EUW1-7948826400.rofl,EUW1,7948826400,16.16.804.9184,16.16,11,911.7,6643608,e789f9d4c079a0644515446a7c5b8beb83878caae4a61fd2b7834927588d7602,49,True
EUW1-7948828634.rofl,EUW1,7948828634,16.16.804.9184,16.16,11,2039.4,17512041,2e465c7f4f653ea1ed4a45df22accf9a1d879a4c5405312bef6a30ddcb6d022a,104,True
EUW1-7948829794.rofl,EUW1,7948829794,16.16.804.9184,16.16,11,1201.3,8788716,f9055f27d6a657b22bcd77fa29077fa69120f9c50e8da3ecbd82536b804ebcc9,64,True
EUW1-7948833720.rofl,EUW1,7948833720,16.16.804.9184,16.16,11,2097.1,16144071,768fdc0cb6c9f9a0a37dc6b32f7091be125aa36e934ac26be3dfea84ef61d6f8,107,True
EUW1-7948840339.rofl,EUW1,7948840339,16.16.804.9184,16.16,11,1889.9,13739931,b29de3f50779e72ac4ffad262a789c68c30001798525bf87848f8d744af89b8e,97,True
EUW1-7948846157.rofl,EUW1,7948846157,16.16.804.9184,16.16,11,2202.6,16212805,1e073c27abb372c24b2db5192e925a0e87f0f4181c1dd24ea34562ecad26fd65,113,True
EUW1-7948847767.rofl,EUW1,7948847767,16.16.804.9184,16.16,11,2124.5,17158466,c16f27ac947b4f6c9a5648ecb261646565c69dc0857eff9d7e954c2dd2bb1cd2,109,True
EUW1-7948848042.rofl,EUW1,7948848042,16.16.804.9184,16.16,11,1141.0,8200034,ac2b091aaf17da82a219c2e98723e9822a1de49fb23072084870cb3dc7677ecc,61,True
EUW1-7948849166.rofl,EUW1,7948849166,16.16.804.9184,16.16,11,1742.2,12556106,210de5a1e28901d1447302d5c4558068edfaf951295bfa992226b16db5d3ee83,91,True
EUW1-7948851193.rofl,EUW1,7948851193,16.16.804.9184,16.16,11,1836.5,14628044,efffb085c2736da44f3e24a5b4fba5680d7e5dc4c93432aa28dcf2314e118fc5,95,True
EUW1-7948855270.rofl,EUW1,7948855270,16.16.804.9184,16.16,11,1032.5,9001851,d5e873090728962ea195c941a4b785bdd72a7bed3e8fd1a380e195d04a4a13bb,55,True
EUW1-7948855555.rofl,EUW1,7948855555,16.16.804.9184,16.16,11,2041.8,15505569,99f90ba772e45c9ee06d1601a539dadb8b228b9bf58575cb05704048649b5053,106,True
EUW1-7948864322.rofl,EUW1,7948864322,16.16.804.9184,16.16,11,2191.9,17744084,934436054e2613d3638a9f013b5bcd0afed2ec66ee712baf60cf0e6b734a45ef,113,True
EUW1-7948871558.rofl,EUW1,7948871558,16.16.804.9184,16.16,11,2051.6,15822221,1c2f61b6c556f4d4d4720114c7d2689f3baba408c5ccad86139f82b05c74360e,106,True
EUW1-7948875412.rofl,EUW1,7948875412,16.16.804.9184,16.16,11,2878.8,22646740,5c686084750ac6e5b2699aead15819b6e4c6c6d4719e988793794fc459dc8afa,146,True
EUW1-7948877048.rofl,EUW1,7948877048,16.16.804.9184,16.16,11,2305.3,16613831,44996e3be8b2a24b1d0ff18b85dff6f8bdd3899d381d63be298565a0be2003f9,118,True
EUW1-7948877534.rofl,EUW1,7948877534,16.16.804.9184,16.16,11,1558.0,11669678,5c7e84abe40ec9ad3224c5083b91ac04b85cbea0f7569bd5faa1d47f5e85e7b0,80,True
EUW1-7948881671.rofl,EUW1,7948881671,16.16.804.9184,16.16,11,2775.4,21378518,3e6f8b0130e250b585b5145a6fa562e05abadc54d82917deee36f7522ddfa74e,142,True
EUW1-7948886448.rofl,EUW1,7948886448,16.16.804.9184,16.16,11,1146.1,7957447,1e141b7385f6c4fc8070fef7871a881c0a5079fdf32b676a24bd2cc637c610be,61,True
EUW1-7948887545.rofl,EUW1,7948887545,16.16.804.9184,16.16,11,1968.2,14178859,5ecb32f0652446b6e3a18025a6a1d83f592950b0bc1ff3a62669bd6bd18cf74f,101,True
EUW1-7948889617.rofl,EUW1,7948889617,16.16.804.9184,16.16,11,1673.9,12994163,50879b5f90a7f8db71b134fe309766253b8eb206b5b2f9269bb4e4de648898c4,86,True
EUW1-7948891491.rofl,EUW1,7948891491,16.16.804.9184,16.16,11,1796.6,12709932,9689105c6fd70dfac2b053e43f39a98bd316007e9b35460073fff4d1f15a8bcb,92,True
EUW1-7948896842.rofl,EUW1,7948896842,16.16.804.9184,16.16,11,2549.4,19316184,a6c3ffcad04743cac704aa10d5aa98759b220b3fb006c90eeccdb4585ae36667,130,True
EUW1-7948904684.rofl,EUW1,7948904684,16.16.804.9184,16.16,11,1950.6,13703431,b58520c68910bf71aa5dc5cac1a4034cf3da35005ecc21136d00be03fecb707b,100,True
EUW1-7948909940.rofl,EUW1,7948909940,16.16.804.9184,16.16,11,2553.6,21318447,39c94310992645152440e892341a8c118b1b753b1a9be3a20eac0e89ee55dc10,131,True
EUW1-7948918913.rofl,EUW1,7948918913,16.16.804.9184,16.16,11,2660.1,19962117,eceda23c76b314c834e09184768f15e59b175da4e5fca25ccee36ecbcbc31c86,136,True
EUW1-7948919030.rofl,EUW1,7948919030,16.16.804.9184,16.16,11,1251.4,10469573,8cb160e1497e6723ff2e377c8e043d8892ee30c1fc2637f9050fe9fd85bec6a8,65,True
EUW1-7948920566.rofl,EUW1,7948920566,16.16.804.9184,16.16,11,1815.9,14141876,c18087819e003a6c1a77e7d2d8357dde61d83c0940da4e2a1209d97ae7791186,94,True
EUW1-7948925329.rofl,EUW1,7948925329,16.16.804.9184,16.16,11,1470.0,12918369,6cceaafb30b88bff321d80172ef1db0525875b0b9e4da0c0b98bb57131d346d6,76,True
EUW1-7948927579.rofl,EUW1,7948927579,16.16.804.9184,16.16,11,743.0,6028267,16b2fe5432a0443486cb3614b87a1a839ce307e9163e9fdeff31306a89495b65,40,True
EUW1-7948942786.rofl,EUW1,7948942786,16.16.804.9184,16.16,11,866.6,6437095,1362e1e6ed3e1f929272fca801a88dd1a12270d31c36f15c506392db0519ab00,46,True
EUW1-7948945644.rofl,EUW1,7948945644,16.16.804.9184,16.16,11,1329.7,10299046,37a15978a763b0b0ab9cc14031c399e55094a40edc89c7161282d856cf402670,70,True
EUW1-7948945958.rofl,EUW1,7948945958,16.16.804.9184,16.16,11,1226.7,9973524,4ea4d80747a681e7c3d91be8fab4bb602bc57dcf074f459a2b54ee0da4c6f607,64,True
EUW1-7948957395.rofl,EUW1,7948957395,16.16.804.9184,16.16,11,1986.0,15444824,898540649e523bafe1737c4739e76895024db159c8f1ddff73b5366ca28aaa68,103,True
EUW1-7948961909.rofl,EUW1,7948961909,16.16.804.9184,16.16,11,1761.4,14306645,6edfab9ec3231caa3e2cd1b2464222e458fba1d2ee774bfc26dc60f2e603a545,91,True
EUW1-7948972900.rofl,EUW1,7948972900,16.16.804.9184,16.16,11,1669.8,13958558,745d77cae7aa66676c4371607d4f403efc5653ead74bcf0eaa771d8868e9af0a,86,True
EUW1-7949000106.rofl,EUW1,7949000106,16.16.804.9184,16.16,11,1654.6,13624507,ec7d03c76e7660c3f1088b18d7533311c6bd06913924d5374d8880226da67cc4,86,True
EUW1-7949019320.rofl,EUW1,7949019320,16.16.804.9184,16.16,11,1455.4,10646276,4ad77791b64b634a47999f8912e2f94d153a792b3cc6d76da27ba309e3ffaa8d,76,True
EUW1-7949026646.rofl,EUW1,7949026646,16.16.804.9184,16.16,11,1513.8,11224843,24f494e1d0120d64845a3f1be989311e093339871902b548927290ec9a6ec773,79,True
EUW1-7949034320.rofl,EUW1,7949034320,16.16.804.9184,16.16,11,1460.1,10948931,ec1e2d1d48f5f230c0bb193284d72a96e043b3d132c8f7fd4111e69702b6e30b,76,True
EUW1-7949038490.rofl,EUW1,7949038490,16.16.804.9184,16.16,11,2699.0,21739387,b14a655ee0fd2e0cf8f05a7ef445973b42a6822277f4fec869b2e09b2bedc45e,137,True
EUW1-7949040386.rofl,EUW1,7949040386,16.16.804.9184,16.16,11,2760.1,20794555,eb582050ea3eb7df54847c335d7355f3f7caceab3cd6fff3fe5025c756014a18,140,True
EUW1-7949045361.rofl,EUW1,7949045361,16.16.804.9184,16.16,11,1995.6,14143863,56e9818df670ea0bb224f649d93378b0d6ac80b4697ec9941a437d9cfebdb543,103,True
EUW1-7949046136.rofl,EUW1,7949046136,16.16.804.9184,16.16,11,2080.6,16072274,520371023675e4b98232be634f68f9e45fced5e361f7056c620888ca162746e2,107,True
EUW1-7949062226.rofl,EUW1,7949062226,16.16.804.9184,16.16,11,2182.8,17288556,f0910e872afb67516edfe5b521134e4ba49c4b74e79b9ccacc41e006a83b2f10,112,True
EUW1-7949065220.rofl,EUW1,7949065220,16.16.804.9184,16.16,11,1089.3,8216141,4ec0fc702bc841e0c322410194c86e9b831d0b8067dd84c6343e76632120cbc3,58,True
EUW1-7949080111.rofl,EUW1,7949080111,16.16.804.9184,16.16,11,1064.9,8263215,88dd0621e719381d5914d61e010692435595e8c239e74a71d56b97bd8b35ab38,56,True
EUW1-7949089850.rofl,EUW1,7949089850,16.16.804.9184,16.16,11,1519.0,11509310,28c4e4bcac5c6afd23264fd44f7f0fe051edd33a9d22f19e76f628ed48fa53a2,79,True
EUW1-7949093139.rofl,EUW1,7949093139,16.16.804.9184,16.16,11,1721.9,13942750,a8360a969c605a430c84c200fd7968d7d876c234648f85cc6cdbe4d480bcd1ba,89,True
EUW1-7949102487.rofl,EUW1,7949102487,16.16.804.9184,16.16,11,1780.5,13057340,18c4fb39a4332bc27d92c3f7fb08a75e6715f270fb012e5907a5829933637b33,92,True
EUW1-7949109743.rofl,EUW1,7949109743,16.16.804.9184,16.16,11,1466.9,10829712,e17e0f9b0f8e4df7d42224eff07597a4e50d1f3694028257388988c4a7ea6761,76,True
EUW1-7949118800.rofl,EUW1,7949118800,16.16.804.9184,16.16,11,2542.8,20457743,ba133c71aa3bdc30b6ad90c1558fa8603f778ab2c4f982bb788ec2d8e8bfdf3e,130,True
EUW1-7949129469.rofl,EUW1,7949129469,16.16.804.9184,16.16,11,1924.7,14148767,a003980ef663d5299282c91a0f218788f321ec879399640516e79e97abeaef22,100,True
EUW1-7949132947.rofl,EUW1,7949132947,16.16.804.9184,16.16,11,1984.2,15186928,baab1163fe61ae658dce7d75ebf3733bc32377ded09ac23f534ee2005f667b57,103,True
EUW1-7949138630.rofl,EUW1,7949138630,16.16.804.9184,16.16,11,1895.3,15235338,bad785097a1cf4247db82354b0b6d1306dcc2510b41a8434c0d929e29c9c1799,98,True
EUW1-7949143170.rofl,EUW1,7949143170,16.16.804.9184,16.16,11,2188.2,17034259,f69ad7a87dc4d8080a59ecd42f6a4cef9e63c246d26c5a8be5997efc92cf8cab,112,True
EUW1-7949146091.rofl,EUW1,7949146091,16.16.804.9184,16.16,11,1124.6,8215603,c0086a02b8812f66b961f558c301330a68fb31863b6819f21a669f6512e01846,59,True
EUW1-7949147329.rofl,EUW1,7949147329,16.16.804.9184,16.16,11,1469.8,10944278,fbc4005cdb7a46329d7251d421b112b4b17aada47aba64f268a17d106ac0121f,76,True
EUW1-7949156797.rofl,EUW1,7949156797,16.16.804.9184,16.16,11,1793.4,12763888,64b90c6de4e18087524f9e6c3a55e3a017ca6eef05769424a252a9aced606ec0,92,True
EUW1-7949157263.rofl,EUW1,7949157263,16.16.804.9184,16.16,11,1518.6,12728474,2d2c58c8ebff0c3220c5d2a03657aa425340e500a8aeebd596078ab329e43fcc,79,True
EUW1-7949165015.rofl,EUW1,7949165015,16.16.804.9184,16.16,11,1913.2,15200864,576326ef77dd16ab51461c8a54f9aff5cf59f62ce8a111439c58e200363353fd,98,True
EUW1-7949166396.rofl,EUW1,7949166396,16.16.804.9184,16.16,11,1439.4,10397065,85eb8b820b9404366956081aba5ce919cb2f4b09af27aad4cedb1c2a2d272050,74,True
EUW1-7949176669.rofl,EUW1,7949176669,16.16.804.9184,16.16,11,941.9,7459715,e2229096b9a622ab7aaf23ce98b15e5646b53d103437b3f099d3a1b1b3d12373,50,True
EUW1-7949186328.rofl,EUW1,7949186328,16.16.804.9184,16.16,11,1432.3,11061257,59495380e27f3a5cb6ad7c135394598bf7b10a20056a9c272d5612e4fcb9b35f,74,True
EUW1-7949193577.rofl,EUW1,7949193577,16.16.804.9184,16.16,11,2318.4,17653342,75b7dda92d2d2a99ae8a13eb57b569700ab7108d5f488f5f39cda98350dcd939,119,True
EUW1-7949195881.rofl,EUW1,7949195881,16.16.804.9184,16.16,11,1141.2,9459273,168fe422813b97f1391a4559f43a7c1a43b50280d7a169c678ce210b8e043ff6,61,True
EUW1-7949208713.rofl,EUW1,7949208713,16.16.804.9184,16.16,11,2047.8,17538117,6fb551b2595c95c28e24b37931c244963b9bd597212454ce2e4fa1e09b689f93,106,True
EUW1-7949211399.rofl,EUW1,7949211399,16.16.804.9184,16.16,11,1488.3,11956996,46cbb139a7fc19096ab455ab118784bdcb89b7b48b6678a84ad8772e213739ed,77,True
EUW1-7949213136.rofl,EUW1,7949213136,16.16.804.9184,16.16,11,1843.0,14775828,dd1780125be9fe77c675490796708be7911c06b32721b3d99e76e5ca4f3c5658,95,True
EUW1-7949216395.rofl,EUW1,7949216395,16.16.804.9184,16.16,11,1295.3,10237776,e9dd7571f6082fa2c33da96d846bf0f021584705eac8ecdaabcec8fd7f4a251d,68,True
EUW1-7949219800.rofl,EUW1,7949219800,16.16.804.9184,16.16,11,1697.2,13227206,9d51a8ecf6018811e1a672e70adc06a890614ca354b2a1fb6bfbffe0d051c253,88,True
EUW1-7949225001.rofl,EUW1,7949225001,16.16.804.9184,16.16,11,1794.2,13779408,b46bf2832d618f351fd53a4b37ffc381a4083796884c7d09b3ee2f4ae92466c6,92,True
EUW1-7949228517.rofl,EUW1,7949228517,16.16.804.9184,16.16,11,1596.4,12624051,b2db2afdf1294b1710b468bbbfeec66b38161ee3ff5360cb45dd12ac8ee45170,83,True
EUW1-7949228604.rofl,EUW1,7949228604,16.16.804.9184,16.16,11,1248.2,9359621,f9ba186ab42a23ba7297e467d01c955ade950b82d4a2496e8d3685408d8d8d6f,65,True
EUW1-7949232108.rofl,EUW1,7949232108,16.16.804.9184,16.16,11,2468.6,20071177,6791afc203bcee6ffa62969e10387db8353e57cef02acb50f03ead61a0fce4e8,127,True
EUW1-7949237435.rofl,EUW1,7949237435,16.16.804.9184,16.16,11,2674.0,19197632,61e42917dbe566a3edc992d9ce939d45904c185d416273332beaf54c6cb5b261,137,True
EUW1-7949239269.rofl,EUW1,7949239269,16.16.804.9184,16.16,11,1142.7,8427905,0ec9f70fac51e5260764db28d63290267a349f78e62a4b691526fa98a275fe18,61,True
EUW1-7949250884.rofl,EUW1,7949250884,16.16.804.9184,16.16,11,1543.0,13069448,b5dfeac82fa38647c64d9d3f6a84c7cd737681e469cc97ff7da0d1822d761143,80,True
EUW1-7949251211.rofl,EUW1,7949251211,16.16.804.9184,16.16,11,1908.4,14543559,77ebcb72e175937043cb81be18f83ec33f022ca27e90557df4ee458f6b78943a,98,True
EUW1-7949253322.rofl,EUW1,7949253322,16.16.804.9184,16.16,11,2259.0,15825680,a650fcb324d2abc0eada7c7e963376a73cef2d22e3232c2ac09f95f6315462f4,116,True
EUW1-7949264609.rofl,EUW1,7949264609,16.16.804.9184,16.16,11,1117.8,8041766,0f3f799fa4beab95b5f130005ef2a89db4eb88e472e2ff36eacc0e7735d2f0bb,59,True
EUW1-7949275552.rofl,EUW1,7949275552,16.16.804.9184,16.16,11,1787.4,14464192,5f0acc6141c847f3f31aa721f8dec53952e186be7f117b8091d186f7d151ee56,92,True
EUW1-7949276563.rofl,EUW1,7949276563,16.16.804.9184,16.16,11,1241.4,8863282,86af2f1fcfabfca7729ac544777adcc8f2ca93ed0f48df98357f7580addd46d5,65,True
EUW1-7949276764.rofl,EUW1,7949276764,16.16.804.9184,16.16,11,1828.9,14009491,7a0069aeb8a6d9824eaaa1d1d995c5867b744e0f770ea1669c7724a715202583,94,True
EUW1-7949281796.rofl,EUW1,7949281796,16.16.804.9184,16.16,11,1895.0,16243391,8132beaa33bcf303a159e8d4f8d3c2f927016a17c1e6cbf6b78914a8dd22cd13,98,True
EUW1-7949282340.rofl,EUW1,7949282340,16.16.804.9184,16.16,11,1898.9,13604967,dcc91081fd35e9133b9e02d9352db50f4445371b6c80415fd7d2c9045dc8a6aa,98,True
EUW1-7949284531.rofl,EUW1,7949284531,16.16.804.9184,16.16,11,1297.7,9883106,e9d30428b534cb3672c02295892f5cf26eff01ddf0f5f0538dde8ee7ee988a9b,68,True
EUW1-7949285186.rofl,EUW1,7949285186,16.16.804.9184,16.16,11,1580.9,11345170,a3bed52b1436d9b18028bccdf8b0f6b7c023c94add3a137c9b88a4952756b525,82,True
EUW1-7949297857.rofl,EUW1,7949297857,16.16.804.9184,16.16,11,1442.0,11331183,a1e27a9abffd5f0f21931251480b1919ed2f87614602a20e00e611963564afcd,76,True
EUW1-7949299195.rofl,EUW1,7949299195,16.16.804.9184,16.16,11,1947.4,14869104,22c32916fd2be4d13c87513c4f0331fa9d65b2d4c413ba91c27ddd16d50f06e7,100,True
EUW1-7949300021.rofl,EUW1,7949300021,16.16.804.9184,16.16,11,1935.0,14214335,7a8bb26d835362c15c25bf52d77ed47af07fc7c3d4ab01551f2398d546f97e29,100,True
EUW1-7949300873.rofl,EUW1,7949300873,16.16.804.9184,16.16,11,1953.3,15360215,90227f30398cbb17f56e259f73df8983537adef2972481f042c7ea2ee875379d,101,True
EUW1-7949307804.rofl,EUW1,7949307804,16.16.804.9184,16.16,11,1360.8,9820658,f1c8b79265f0f1fda4dddb4ab0be0c64609e63bdd81d7d3c250d6dab4d027eff,71,True
EUW1-7949308834.rofl,EUW1,7949308834,16.16.804.9184,16.16,11,1629.0,13938106,236fd79e8a05e7b9eef540a777ad669816242d7b1e662a67160e4dfe4a1c5d1b,85,True
EUW1-7949314353.rofl,EUW1,7949314353,16.16.804.9184,16.16,11,2249.1,18683071,38bb548dc28be7eea1c45248cdd0b1411d4ed0c522d0f69d29c5f6e3640504a8,115,True
EUW1-7949317223.rofl,EUW1,7949317223,16.16.804.9184,16.16,11,2417.6,18220148,66664ea2bb81d53d602e5203f5cb6c02db2bfc9849deace39c31fbb5379af3fa,124,True
EUW1-7949329959.rofl,EUW1,7949329959,16.16.804.9184,16.16,11,1033.6,7505897,3c7e9ef408edcbe28ee924a902308f36d04d9891bc122c40a9d28002fe117cda,55,True
EUW1-7949334677.rofl,EUW1,7949334677,16.16.804.9184,16.16,11,2389.8,18468596,dd8bb145f6e0b1d6980e1a716a6850075a0e8adc23ca001fd241389d8757f1e2,122,True
EUW1-7949338166.rofl,EUW1,7949338166,16.16.804.9184,16.16,11,1560.7,12345278,f24be9c76dab8528642e91a3f68a3bfc789d2f596615e28d0b0345b74f2052cc,82,True
EUW1-7949339368.rofl,EUW1,7949339368,16.16.804.9184,16.16,11,1740.6,13512956,7370d830b03c5af018858f2dad24b720aaa9d3179c5bd1467c564af4e49e61ab,89,True
EUW1-7949349530.rofl,EUW1,7949349530,16.16.804.9184,16.16,11,1418.9,10687567,c29824615c003a4b25259279be5180d47c5ec1360a9f47d34c08abb999698238,74,True
EUW1-7949352049.rofl,EUW1,7949352049,16.16.804.9184,16.16,11,1340.6,9604089,b0737dc4547da2cda48a1c01721faa238fde5b4ae275664eb560fa9507d376df,70,True
EUW1-7949355850.rofl,EUW1,7949355850,16.16.804.9184,16.16,11,1464.9,10876148,2175e469dc434a7a1f30aa71533d15ee55f5d02ce11d306d9baf864dac4fd79f,76,True
EUW1-7949370352.rofl,EUW1,7949370352,16.16.804.9184,16.16,11,1709.0,13382830,7ee46ab5b4cbb5352477d061f8009467f46b417b09f66f4b8529ae407ce42607,88,True
EUW1-7949378137.rofl,EUW1,7949378137,16.16.804.9184,16.16,11,1733.1,14466149,5c2f75f0627741d84819e389d17c9cfe3384622a8675d0878e3a154075d33f52,89,True
EUW1-7949385793.rofl,EUW1,7949385793,16.16.804.9184,16.16,11,1582.5,11633835,c148767e90f62dc0c18030e61401da1cb3086a50a6db8ee52990a88d2ea93204,82,True
EUW1-7949387216.rofl,EUW1,7949387216,16.16.804.9184,16.16,11,2149.6,16092213,0b424608bcee04dac255821380eea29d3fdd107f8447d71aea945e862729db24,110,True
EUW1-7949388844.rofl,EUW1,7949388844,16.16.804.9184,16.16,11,1725.4,12677784,9c3a8e52ea93b1a9d54b31ae65c1da9fe693298468792a8677f9265d8381e120,89,True
EUW1-7949396982.rofl,EUW1,7949396982,16.16.804.9184,16.16,11,1905.6,16880488,72f83ec17502b5e1f67954baaf5d13d2c0b13934d6262d0596288f7dc963250d,98,True
EUW1-7949413265.rofl,EUW1,7949413265,16.16.804.9184,16.16,11,1951.8,15086113,2c5594089886514b5dded5bb9b884ec3c910696dbc7b945e6232aa1979652ab2,101,True
EUW1-7949432276.rofl,EUW1,7949432276,16.16.804.9184,16.16,11,1182.6,8607166,c379269bf4cac9ab3d7c17a2261bb7f58dbade891289763604781f13bc51f843,62,True
EUW1-7949445189.rofl,EUW1,7949445189,16.16.804.9184,16.16,11,1789.5,14960248,9f61506e769d58aa64c97fc3bafc7ec6bf9c3e73624393e5f752c54ea35eefbd,92,True
EUW1-7949449245.rofl,EUW1,7949449245,16.16.804.9184,16.16,11,1108.1,8619045,396a4fed6f05f043b376eccdb7d8cf69323e218cc7acd3b03b0f59aa829dd298,58,True
EUW1-7949449819.rofl,EUW1,7949449819,16.16.804.9184,16.16,11,2246.4,17241118,21cb6cc89cf1e7069552e669cbe26d133a2fd2a4541cc14742137fcc6e43c8d2,115,True
EUW1-7949461646.rofl,EUW1,7949461646,16.16.804.9184,16.16,11,1541.6,12162607,311bc7568168817eba6de9018286c1a37e7af5d7221ab4909cd42daf1dc90606,80,True
EUW1-7949466443.rofl,EUW1,7949466443,16.16.804.9184,16.16,11,1366.9,10086738,d7c3405ec8bd0f91243746a384977d4cb7ee2f45a5b036efcbbeaef21c0d93d2,71,True
EUW1-7949486057.rofl,EUW1,7949486057,16.16.804.9184,16.16,11,2022.3,14198501,5ea553bb84b82d10e524d907a8ccf9aef066f40bffbc8df23f1d3c31109d0955,104,True
EUW1-7949491155.rofl,EUW1,7949491155,16.16.804.9184,16.16,11,1988.1,14688522,0a85850b2b664dbc30f23a0fe980b7b28358bd76d4520864aa1920963402de9b,103,True
EUW1-7949493308.rofl,EUW1,7949493308,16.16.804.9184,16.16,11,2497.4,20646911,79d54482c446d22c6d058c953ea7a64c2aef1d7016559e2a0128011b61afc12a,128,True
EUW1-7949500841.rofl,EUW1,7949500841,16.16.804.9184,16.16,11,1668.5,12688692,a379a09ea5693eaf3e8fa844983c015979382fa693765eb55d5c5489060fb33c,86,True
EUW1-7949503566.rofl,EUW1,7949503566,16.16.804.9184,16.16,11,1545.0,12969780,309fbc835a47df1d2532d542df64b996180cff08e9596eda5ab5ba7a2db3de16,80,True
EUW1-7949504340.rofl,EUW1,7949504340,16.16.804.9184,16.16,11,1663.0,11462021,f7c48319f627816cb0cbbe1e74c216a52f972d63946b55b92e26554dec4444eb,86,True
EUW1-7949511626.rofl,EUW1,7949511626,16.16.804.9184,16.16,11,1410.1,11347799,1308a379d7d5841c7f7ee5c14e204e32eae84ab1c134be6c216f8f93e70786c0,73,True
EUW1-7949539509.rofl,EUW1,7949539509,16.16.804.9184,16.16,11,1194.8,8625812,2ce78127e1484077c040ea5421098f6d16ab4c500e2b8425e836c7e41c12dffc,62,True
EUW1-7949544457.rofl,EUW1,7949544457,16.16.804.9184,16.16,11,1345.4,9889690,41237728b0cf909fb1dd40c4b037f6ff066fb55182602f84391390f50ada50c3,70,True
EUW1-7949544717.rofl,EUW1,7949544717,16.16.804.9184,16.16,11,1871.6,14250205,68242e9312d5d1f5ebe5bf5a7241546ef82ee710b3b38ecf0509ad07c091365e,97,True
EUW1-7949549297.rofl,EUW1,7949549297,16.16.804.9184,16.16,11,1765.0,13115661,e2b64afbda5fcaaf02278c95a4f1708990f745fd9c9fa0d2f864fda137d9ca88,91,True
EUW1-7949551769.rofl,EUW1,7949551769,16.16.804.9184,16.16,11,1693.7,12499470,7283bf8cc90eb7d2395c0803179dd58b8336653a1d2f72a0b5fe59c2c53ac083,88,True
EUW1-7949555358.rofl,EUW1,7949555358,16.16.804.9184,16.16,11,2056.0,15743001,47bddbe515c7526c1a0bf27e028432129f852257af805e1f6dc1817f20ec9918,106,True
EUW1-7949556940.rofl,EUW1,7949556940,16.16.804.9184,16.16,11,1467.7,10928061,18fc7fbddc907adff73f358cf05f3a7b534d54728a5b03dca8bab850ce3669f6,76,True
EUW1-7949566655.rofl,EUW1,7949566655,16.16.804.9184,16.16,11,914.3,6685436,d0797b2d6854f385d427d54e980a6d0d5687187374e1290ececbab3c7b3f7192,49,True
EUW1-7949573139.rofl,EUW1,7949573139,16.16.804.9184,16.16,11,1902.3,15395720,4cfcb07bbe0e2eb852771b87fd4e9e2bf72f05d83dd79b42ce675381bde7b7f5,98,True
EUW1-7949576394.rofl,EUW1,7949576394,16.16.804.9184,16.16,11,1657.8,11825270,f51341d11a68ce42a1deb893c323988ed15c988ecd4c723f3a2884542fb4f3ad,86,True
EUW1-7949601036.rofl,EUW1,7949601036,16.16.804.9184,16.16,11,1707.3,12386161,7a7a1537b476887652652f069a88dbeeea30fd82886316576bf295a0b7d2a18b,88,True
EUW1-7949610787.rofl,EUW1,7949610787,16.16.804.9184,16.16,11,1446.0,10370343,a13205602ada06802bde8346cd4187b72ad845331ae61e297763899a0ea88f01,76,True
EUW1-7949620093.rofl,EUW1,7949620093,16.16.804.9184,16.16,11,1460.2,10785500,41564b02f1b13a7c59bb4800f36486c7171a776aa0f817b2a3a1afbc0b601d78,76,True
EUW1-7949647805.rofl,EUW1,7949647805,16.16.804.9184,16.16,11,1137.6,9007216,7e898aeaaa22fbf204c96cb40243f71d31c9502ad6b7f3ac1085105a90a71d37,59,True
EUW1-7949664399.rofl,EUW1,7949664399,16.16.804.9184,16.16,11,1457.2,11399065,53446854f96ae4835fa4f7f827df7abbab4b5ce55807a699416817d0ca517e36,76,True
EUW1-7949665194.rofl,EUW1,7949665194,16.16.804.9184,16.16,11,2522.6,21180993,0ff994f5152053eaf1710d22460f61da54f1ce6d02e9c41b02e9778e678f009c,130,True
EUW1-7949670991.rofl,EUW1,7949670991,16.16.804.9184,16.16,11,1946.8,14105728,fe21f524da258900e2c03f23db72b954713d992b7bbd2f480e94dd37c2a5e619,100,True
EUW1-7949690152.rofl,EUW1,7949690152,16.16.804.9184,16.16,11,1556.5,13134090,138f1669e6f26d9e8854c9a7a09a79496dca4d478069e6536867cb0080f9dc9b,80,True
EUW1-7949706158.rofl,EUW1,7949706158,16.16.804.9184,16.16,11,1298.6,10833315,95052f38b2d9227f5dc4be2e9efbd4f9ad1ace5ea00f86a40a4dee9db17dde80,68,True
EUW1-7949711245.rofl,EUW1,7949711245,16.16.804.9184,16.16,11,2676.6,25886082,d29c598711aab1819d09e3b841dec5ab9982850f030d41313d0365f44e13eb27,137,True
EUW1-7949711867.rofl,EUW1,7949711867,16.16.804.9184,16.16,11,1479.4,10340732,c44d7aad9df7027bbe7e0ac45c11553f799e2c32205238d4a181b0068110c0ea,77,True
EUW1-7949717046.rofl,EUW1,7949717046,16.16.804.9184,16.16,11,1881.9,14018788,a0d89dcdecef84323509e0828761cc28f28b21ed5f93e21c7cfe42a14b399f20,97,True
EUW1-7949717293.rofl,EUW1,7949717293,16.16.804.9184,16.16,11,1811.2,13588250,aae737d61f073765a95683b6b591f944644e1be76e376d6e4905886fcc5e3306,94,True
EUW1-7949735940.rofl,EUW1,7949735940,16.16.804.9184,16.16,11,1157.6,8711538,b0cdcdbc61e675215b2171de01ef520e5f2891c709612430365dcd9df45466f2,61,True
EUW1-7949739290.rofl,EUW1,7949739290,16.16.804.9184,16.16,11,1750.0,13765188,277b8728c00ec3d4b18e4a855629efe8464740067fe3f91a9cdca8ca7e380ca3,91,True
EUW1-7949740698.rofl,EUW1,7949740698,16.16.804.9184,16.16,11,2612.7,20543779,a470bd21e9343a473e39575ad684a4f5d5697266ba5afc2635e09455ef0a0edc,134,True
EUW1-7949740798.rofl,EUW1,7949740798,16.16.804.9184,16.16,11,1085.9,8705346,aef788372dd4ffdd34a21eee08d52c1a1974ad160d4095f9aa3d0771cf39efb1,58,True
EUW1-7949747988.rofl,EUW1,7949747988,16.16.804.9184,16.16,11,2688.3,19017179,2f8c44529d3ccae18ff13bffc6b32a90ce9053d37181af409e60bf856ab9c40d,137,True
EUW1-7949760670.rofl,EUW1,7949760670,16.16.804.9184,16.16,11,1712.7,13484276,c3112d881e0848e46d79a75e759ea52de6c015551af4de3f6ecbc32b885e0e19,89,True
EUW1-7949765744.rofl,EUW1,7949765744,16.16.804.9184,16.16,11,1794.0,13623895,64f8de14c342c35ec802c783215e9d0e3fd1f9258442babadfae279b1962199d,92,True
EUW1-7949767950.rofl,EUW1,7949767950,16.16.804.9184,16.16,11,1855.8,14711139,46e330baa0ea25230f0cec941cebd6b843b79adbf8c44a4f404bed51ca8d2a5d,95,True
EUW1-7949770692.rofl,EUW1,7949770692,16.16.804.9184,16.16,11,1683.5,12679966,afcfbf99fd1ee04c23d05f3b203cdbd5990098afb013bc01df0ee7ecdbc7bfbb,88,True
EUW1-7949771355.rofl,EUW1,7949771355,16.16.804.9184,16.16,11,1384.7,10857711,2a8ee67137f883fe5b96f7f4e3f7bec2db103c5d4d6cc8b6b0e87b5e3afffe48,73,True
EUW1-7949776034.rofl,EUW1,7949776034,16.16.804.9184,16.16,11,1663.2,12337295,23af9ff18116d1ef174a9c2f49625b986b03d991a1de26fdc7058995aee40e86,86,True
EUW1-7949777967.rofl,EUW1,7949777967,16.16.804.9184,16.16,11,858.3,6718776,6c83741e01e6176c4bd1baf25470d8aa361e73fe8144bfcd50d0748b8321c8d0,46,True
EUW1-7949779134.rofl,EUW1,7949779134,16.16.804.9184,16.16,11,1604.2,11900140,7d662b569f5bf3a53a8718c604a366117de1645b515fcc8d93a66ce4e492f841,83,True
EUW1-7949781886.rofl,EUW1,7949781886,16.16.804.9184,16.16,11,1826.1,13795704,94ce6cc83a0a6e3d31a56af5ada065b775133b91c04a1f181fb7a26e30aa660b,94,True
EUW1-7949791290.rofl,EUW1,7949791290,16.16.804.9184,16.16,11,1534.1,11348188,bbbaa5c51440e164751464fcd0cc9bffd57bebf513791484505a203873444c0a,80,True
EUW1-7949792194.rofl,EUW1,7949792194,16.16.804.9184,16.16,11,1141.5,8218692,f8108f1488aa4ceb5356e0c9628bd6012b053a74ef57ef063c1dfcd961e15211,61,True
EUW1-7949792960.rofl,EUW1,7949792960,16.16.804.9184,16.16,11,1942.9,14784846,24579588c960584062f20131b5960828ee39f1f482e3609dac597fe5b4e656c5,100,True
EUW1-7949793583.rofl,EUW1,7949793583,16.16.804.9184,16.16,11,2451.5,18902294,4d4a1819a4cbb149cce9ec1118bd465369efbb68a6ea35537c8c41c8a784a170,125,True
EUW1-7949798459.rofl,EUW1,7949798459,16.16.804.9184,16.16,11,1634.8,12622285,255dadcb62e70bc918b8b42a35279a637bf1e0ca9f06b9da08f2840f5da06629,85,True
EUW1-7949799103.rofl,EUW1,7949799103,16.16.804.9184,16.16,11,2067.4,16871737,87517bc2d5514e151190211c69883f717dc5e43d9bad666be0a346b38d8f5433,106,True
EUW1-7949801625.rofl,EUW1,7949801625,16.16.804.9184,16.16,11,1372.3,11135493,fd16ed74f1ffde7d5952f25dec824915990b2fb2fdbcec6aec627678b453f768,71,True
EUW1-7949808090.rofl,EUW1,7949808090,16.16.804.9184,16.16,11,1017.9,7430096,1c2168808f762b544e4310efe0b12d80fd9aa2ddf787ac6e92727de294c9c777,53,True
EUW1-7949811374.rofl,EUW1,7949811374,16.16.804.9184,16.16,11,1789.0,15543986,c1aa9fe918a221f39be22e2cfea14fa2f64edf59d08f7d534ae2477ec94989e0,92,True
EUW1-7949815167.rofl,EUW1,7949815167,16.16.804.9184,16.16,11,2135.1,16920503,e47ea5d423fc5a34397d1c7e24064e1f9800d842288c21538b55b9c0093bd9ae,110,True
EUW1-7949816138.rofl,EUW1,7949816138,16.16.804.9184,16.16,11,1481.8,11742235,571be98795dea816f93ea9dc06b0799b5e95bab960c26d416e7b694142c1448d,77,True
EUW1-7949816366.rofl,EUW1,7949816366,16.16.804.9184,16.16,11,1693.3,12766466,812f723bcde9499f6db029eac9f3995d1592505c96597bd28e4d0120f89c6e53,88,True
EUW1-7949834942.rofl,EUW1,7949834942,16.16.804.9184,16.16,11,1262.8,10129164,51220e3b408662f1527c8000f16689417d8296f353053c829555870c881e7228,67,True
EUW1-7949843943.rofl,EUW1,7949843943,16.16.804.9184,16.16,11,1489.7,11746910,82bda97aad7d2097d90fa781b420effe9d909a2d57f84d796b59fdfa9d9a14a8,77,True
EUW1-7949844450.rofl,EUW1,7949844450,16.16.804.9184,16.16,11,2023.3,15119018,6c64a5531fb1515d6c7669c2a0540968c8fe851580d07d4f03726dbabeb75bb1,104,True
EUW1-7949853379.rofl,EUW1,7949853379,16.16.804.9184,16.16,11,1268.6,10858095,40566a9d7ea9d512f2fc7cebd41945d0b6fdd5f14a78662d2b99a5ba168c124a,67,True
EUW1-7949864691.rofl,EUW1,7949864691,16.16.804.9184,16.16,11,1882.3,14233692,7eb2af9c8e34b490d8a89f3bad2c13f050108951e63a11c11c770e4cafbebc9f,97,True
EUW1-7949866973.rofl,EUW1,7949866973,16.16.804.9184,16.16,11,1405.6,11836463,2570e15d107718ef91224398e6a8a88f7bd83609cb479f30b07d6e7cf54b6162,73,True
EUW1-7949875901.rofl,EUW1,7949875901,16.16.804.9184,16.16,11,1691.4,15389944,c9a4ca866b742546b0e01ebb868c6f9b1bd8887b1d96995c4f6c43cedfe9d4de,88,True
EUW1-7949879271.rofl,EUW1,7949879271,16.16.804.9184,16.16,11,2251.3,16416724,ccc02c5e939c0727d37fdf9d618ce11094b86b7bf199b774523d76f34a7a21b3,116,True
EUW1-7949879979.rofl,EUW1,7949879979,16.16.804.9184,16.16,11,1676.8,12014991,0b00e0365746170a815f98176fc39d9ac3282f1214d2f15ab94a5e8154ba07f6,86,True
EUW1-7949888492.rofl,EUW1,7949888492,16.16.804.9184,16.16,11,2896.0,21576072,0185bda9f3cc01fa39abddde143a711ecbf66b7c07d71f35b4d2832ed4b85de4,148,True
EUW1-7949903185.rofl,EUW1,7949903185,16.16.804.9184,16.16,11,1873.9,15080708,def71c1de9dc082c28e1728cc90b1b09991c38c2a206e16abd78a9fc1770708f,97,True
EUW1-7949910465.rofl,EUW1,7949910465,16.16.804.9184,16.16,11,2362.3,17940903,4d76f6bc2139f47768713889fe732ac545ca605ec577140eb668ec3e593340b7,121,True
EUW1-7949919390.rofl,EUW1,7949919390,16.16.804.9184,16.16,11,1785.4,14500129,c2e7152677eda674eb0c2fc1f72d164ef63599c34e3f46128a11e85a906ea7b2,92,True
EUW1-7949919635.rofl,EUW1,7949919635,16.16.804.9184,16.16,11,1985.0,16150516,942e21d28f07bbbdf7be8a5f7200383a983e59af0b2f6cee012a9a63966e78c4,103,True
EUW1-7949921030.rofl,EUW1,7949921030,16.16.804.9184,16.16,11,1830.9,13405378,c1e8f913dae95fb4e18967ead0101a6b58fb65bdf63d55239ccf7f8d9c436a7c,95,True
TW2-438807312.rofl,TW2,438807312,16.16.804.9184,16.16,11,1796.1,15145287,fd0c495585cb3c981ab7b36b13faec96cbcb0c2630d554b7e8f73d51ac8e44dd,631,True
